fuente,id_aviso,tipo,titulo,barrio,barrio_corto,precio,moneda,ambientes,dormitorios,banos,metros_cubiertos,metros_totales,expensas_ars,antiguedad,usd_por_m2,url
argenprop,19948597,Departamento,"Departamento - Venta - Argentina, Capital Federal - SENILLOSA 217","SENILLOSA 200, Piso 2, Caballito, Capital Federal",Caballito,67000.0,USD,,1.0,,37.0,,81500.0,56.0,1810.8,https://www.argenprop.com/departamento-en-venta-en-caballito-2-ambientes--19948597
argenprop,18216571,Departamento,Dueño Directo: 3 Ambientes con Cochera en Caballito,"Rio de Janeiro 200, Piso 1, Parque Rivadavia, Caballito, Capital Federal",Caballito,129000.0,USD,,2.0,,57.0,,240000.0,20.0,2263.2,https://www.argenprop.com/departamento-en-venta-en-parque-rivadavia-3-ambientes--18216571
argenprop,19459404,Departamento,Edificio Victor Martinez 457 (Caballito Sur) - Venta Sexto Piso,"Victor Martínez 400, Piso 6, Caballito Sur, Caballito, Capital Federal",Caballito,530000.0,USD,,3.0,,130.0,,300000.0,0.0,4076.9,https://www.argenprop.com/departamento-en-venta-en-caballito-sur-4-ambientes--19459404
argenprop,19090398,Departamento,Departamento en venta en Botanico ARAOZ AL 2400,"ARAOZ 2400, Piso 3, Botanico, Palermo, Capital Federal",Palermo,240000.0,USD,,3.0,,135.0,,500000.0,50.0,1777.8,https://www.argenprop.com/departamento-en-venta-en-botanico-4-ambientes--19090398
argenprop,19556675,Departamento,"DEPARTAMENTO 1 AMBIENTE A ESTRENAR, CABALLITO","José Bonifacio 1600, Piso 5, Caballito, Capital Federal",Caballito,99000.0,USD,,,1.0,31.0,,,0.0,3193.5,https://www.argenprop.com/departamento-en-venta-en-caballito-1-ambiente--19556675
argenprop,19442521,Departamento,"Venta Departamento 2 ambientes en Caballito, Capital Federal .Piso entero en altura: privacidad real, luz natural y una forma distinta de vivir la ciudad","AV DIAZ VELEZ 5000, Caballito, Capital Federal",Caballito,180000.0,USD,,1.0,,52.0,,200000.0,10.0,3461.5,https://www.argenprop.com/departamento-en-venta-en-caballito-2-ambientes--19442521
argenprop,19524336,Departamento,Venta depto 3 amb + Escritorio y bauleraDepartamento en venta en Caballito Sur,"San José De Calasanz 400, Piso 1, Caballito Sur, Caballito, Capital Federal",Caballito,174900.0,USD,,2.0,,86.0,,280000.0,45.0,2033.7,https://www.argenprop.com/departamento-en-venta-en-caballito-sur-3-ambientes--19524336
argenprop,12110765,Departamento,IMPECABLE DÚPLEX ESTILO CASA! Muy luminoso! Todo a nuevo! Baulera! Cochera fija! Vigilancia! Apto profesional! ÚNICO! OPORT!,"Mexico 4200, Almagro Sur, Almagro, Capital Federal",Almagro,172000.0,USD,,2.0,,100.0,,430000.0,10.0,1720.0,https://www.argenprop.com/departamento-en-venta-en-almagro-sur-3-ambientes--12110765
argenprop,19787041,Departamento,3 Ambientes 41m2 ALMAGRO - APTO CREDITO,"Yatay 700, Piso 1, Almagro, Capital Federal",Almagro,75000.0,USD,,2.0,,41.0,,135000.0,41.0,1829.3,https://www.argenprop.com/departamento-en-venta-en-almagro-3-ambientes--19787041
argenprop,19921999,Departamento,EXCELENTE MONOAMBIENTE- APTO PROFESIONAL- AL FRENTE CON BALCÓN- TODO A NUEVO,"Avenida Corrientes 4100, Piso 3, Almagro, Capital Federal",Almagro,59900.0,USD,,,1.0,,,72000.0,,,https://www.argenprop.com/departamento-en-venta-en-almagro-1-ambiente--19921999
argenprop,19559933,Departamento,IMPECABLE SEMIPISO! BALCÓN AL PULMÓN C/VISTA ABIERTA! Todo luz y sol! Doble circulación! Baulera! ÚNICO! OPORT!,"Sánchez De Bustamante 2600, Recoleta, Capital Federal",Recoleta,230000.0,USD,,3.0,,90.0,,550000.0,40.0,2555.6,https://www.argenprop.com/departamento-en-venta-en-recoleta-4-ambientes--19559933
argenprop,19099271,Departamento,IMPECABLE PISO! BALCÓN CON VISTA A LA COPA DE LOS ÁRBOLES! Todo luz y sol! Baulera! BAJAS EXPENSAS! ÚNICO! OPORT,"José Andrés Pacheco De Melo 2600, Recoleta, Capital Federal",Recoleta,247000.0,USD,,3.0,,100.0,,205000.0,40.0,2470.0,https://www.argenprop.com/departamento-en-venta-en-recoleta-4-ambientes--19099271
argenprop,19772669,Departamento,"Semipiso 4 Ambientes, Cochera cubierta,  baño, toilette, habitación servicio o consultorio independiente. Piso 5 frente 93 m2","ARENALES 3100, Piso 5º, Recoleta, Capital Federal",Recoleta,205000.0,USD,,3.0,,93.0,,460000.0,56.0,2204.3,https://www.argenprop.com/departamento-en-venta-en-recoleta-4-ambientes--19772669
argenprop,19711013,Departamento,Piso de 145m2 - 4 Amb   Dep c/ Balcon aterrazado - Arenales 1100 - Excelente Vista Abierta.,"Arenales  al 1100, Recoleta, Capital Federal",Recoleta,335000.0,USD,,3.0,,110.0,,478000.0,70.0,3045.5,https://www.argenprop.com/departamento-en-venta-en-recoleta-4-ambientes--19711013
argenprop,18380345,Departamento,Departamento de 3 ambientes con balcón terraza.,"Laprida  al 1700, Recoleta, Capital Federal",Recoleta,198000.0,USD,,2.0,,58.0,,400000.0,55.0,3413.8,https://www.argenprop.com/departamento-en-venta-en-recoleta-3-ambientes--18380345
argenprop,19452951,Departamento,Espectacular semipiso vende dueño directo.,"Aráoz 2600, Piso 1, Botanico, Palermo, Capital Federal",Palermo,303000.0,USD,,2.0,,62.0,,420000.0,24.0,4887.1,https://www.argenprop.com/departamento-en-venta-en-botanico-3-ambientes--19452951
argenprop,19596287,Departamento,Oportunidad única! Departamento de 3 ambientes en ubicación inmejorable,"Av Santa Fe 2800, Piso 8, Botanico, Palermo, Capital Federal",Palermo,108000.0,USD,,2.0,,45.0,,300000.0,40.0,2400.0,https://www.argenprop.com/departamento-en-venta-en-botanico-3-ambientes--19596287
argenprop,19858716,Departamento,Distinguido piso en venta con cochera y baulera en Belgrano.,"Virrey del Pino 2102, Belgrano, Capital Federal",Belgrano,440000.0,USD,,3.0,,142.0,,650000.0,70.0,3098.6,https://www.argenprop.com/departamento-en-venta-en-belgrano-4-ambientes--19858716
argenprop,18668115,Departamento,Departamento 4 ambientes en VENTA en BELGRANO - RETASADO,"11 de Septiembre de 1888  al 2100, Belgrano, Capital Federal",Belgrano,269000.0,USD,,3.0,,115.0,,690000.0,50.0,2339.1,https://www.argenprop.com/departamento-en-venta-en-belgrano-4-ambientes--18668115
argenprop,19801102,Departamento,"Semipiso 3 Ambientes, Cochera Fija cubierta, baulera, SUITE dos baños completos, balcón aterrazado. Subte B","Av.  CORRIENTES 4400, Piso 6º, Almagro, Capital Federal",Almagro,230000.0,USD,,2.0,,74.0,,336000.0,15.0,3108.1,https://www.argenprop.com/departamento-en-venta-en-almagro-3-ambientes--19801102
argenprop,19835345,Departamento,Departamento en Nuñez,"Av. del Libertador  al 7400, Nuñez, Capital Federal",Nuñez,760000.0,USD,,2.0,,111.0,,,2.0,6846.8,https://www.argenprop.com/departamento-en-venta-en-nunez-3-ambientes--19835345
argenprop,19340086,Departamento,"Departamento - Venta - Argentina, Capital Federal - Av. rivadavia 3984","Av. rivadavia 3900, Piso 1, Almagro, Capital Federal",Almagro,118000.0,USD,,1.0,,67.0,,126000.0,51.0,1761.2,https://www.argenprop.com/departamento-en-venta-en-almagro-2-ambientes--19340086
argenprop,16661507,Departamento,Lavalle Plaza,"LAVALLE 4000, Piso 3, Almagro, Capital Federal",Almagro,73750.0,USD,,,1.0,29.0,,,1.0,2543.1,https://www.argenprop.com/departamento-en-venta-en-almagro-1-ambiente--16661507
argenprop,16780376,Departamento,Quito 4330,"QUITO 4300, Piso 11, Almagro, Capital Federal",Almagro,198000.0,USD,,2.0,,60.0,,232000.0,0.0,3300.0,https://www.argenprop.com/departamento-en-venta-en-almagro-3-ambientes--16780376
argenprop,18560822,Departamento,Departamento 3 Ambientes en Zona Botánico Dos dormitorios · Dos baños · Contrafrente luminoso Excelente luz natural · Apto profesional · Apto crédito,"BERUTI 3600, Piso 6, Botanico, Palermo, Capital Federal",Palermo,200000.0,USD,,2.0,1.0,,,270000.0,49.0,,https://www.argenprop.com/departamento-en-venta-en-botanico-3-ambientes--18560822
argenprop,19654242,Departamento,Dueño directo vende exclusivo 2 ambientes con amenities sobre Av. Pedro Goyena,"Avenida Pedro Goyena 1600, Piso 8, Caballito Sur, Caballito, Capital Federal",Caballito,163000.0,USD,,1.0,,45.15,,145000.0,8.0,3610.2,https://www.argenprop.com/departamento-en-venta-en-caballito-sur-2-ambientes--19654242
argenprop,19577510,Departamento,"Venta Semipiso 2 Ambientes, Muy Luminoso y Excelente Ubicación. DUEÑO DIRECTO, SIN COMISIONES","Agrelo 4300, Piso 3, Caballito Sur, Caballito, Capital Federal",Caballito,142000.0,USD,,1.0,,40.0,,250000.0,5.0,3550.0,https://www.argenprop.com/departamento-en-venta-en-caballito-sur-2-ambientes--19577510
argenprop,19690642,Departamento,Depto 2 Amb. a Estrenar c/cochera y balcón corrido. Amenities. Entrega Inmediata,"Belgrano 4022, Almagro, Capital Federal",Almagro,158000.0,USD,,1.0,,50.0,,110000.0,0.0,3160.0,https://www.argenprop.com/departamento-en-venta-en-almagro-2-ambientes--19690642
argenprop,19690658,Departamento,Duplex 3 Ambientes a Estrenar C/terraza Propia y Parrilla. Amenities.,"Belgrano 4022, Almagro, Capital Federal",Almagro,279000.0,USD,,2.0,,170.0,,165000.0,0.0,1641.2,https://www.argenprop.com/departamento-en-venta-en-almagro-3-ambientes--19690658
argenprop,19662432,Departamento,Departamento 2 amb. 42 m2 c/patio en el Barrio Chino,"Av. Juramento 1700, Belgrano C, Belgrano, Capital Federal",Belgrano,98000.0,USD,,1.0,,36.0,,98000.0,50.0,2722.2,https://www.argenprop.com/departamento-en-venta-en-belgrano-c-2-ambientes--19662432
argenprop,16662050,Departamento,SENILLOSA 790,"SENILLOSA 700, Piso 7, Caballito, Capital Federal",Caballito,85000.0,USD,,,1.0,27.0,,,1.0,3148.1,https://www.argenprop.com/departamento-en-venta-en-caballito-1-ambiente--16662050
argenprop,18703203,Departamento,Departamento en venta en Belgrano C,"Av del libertador 6700, Piso 2, River, Nuñez, Capital Federal",Nuñez,178000.0,USD,,2.0,,63.0,,180000.0,42.0,2825.4,https://www.argenprop.com/departamento-en-venta-en-river-3-ambientes--18703203
argenprop,18725426,Departamento,Departamento de 3 ambientes con dependencia en venta en Recoleta,"Peña  al 2500, Recoleta, Capital Federal",Recoleta,220000.0,USD,,2.0,,80.0,,250000.0,60.0,2750.0,https://www.argenprop.com/departamento-en-venta-en-recoleta-3-ambientes--18725426
argenprop,19099582,Departamento,Venta departamento dos ambientes luminoso en Recoleta,"Anchorena  al 1400, Recoleta, Capital Federal",Recoleta,132000.0,USD,,1.0,,33.0,,198800.0,45.0,4000.0,https://www.argenprop.com/departamento-en-venta-en-recoleta-2-ambientes--19099582
argenprop,19678832,Departamento,Venta departamento 3 ambientes en Belgrano. Dependencia.,"O'higgins 1800, Piso 8, Belgrano, Capital Federal",Belgrano,182000.0,USD,,2.0,,73.0,,270000.0,40.0,2493.2,https://www.argenprop.com/departamento-en-venta-en-belgrano-3-ambientes--19678832
argenprop,19662726,Departamento,Venta Departamento 2 ambientes impecable estado   en Belgrano,"Echeverria  al 1300, Belgrano, Capital Federal",Belgrano,117000.0,USD,,1.0,,37.0,,220000.0,50.0,3162.2,https://www.argenprop.com/departamento-en-venta-en-belgrano-2-ambientes--19662726
argenprop,18930941,Departamento,VENTA | 4 AMBIENTES CON BALCÓN TERRAZA | CABALLITO,"SAN JOSE DE CALASANZ 200, Piso 2, Caballito, Capital Federal",Caballito,440000.0,USD,,3.0,,143.0,,927500.0,0.0,3076.9,https://www.argenprop.com/departamento-en-venta-en-caballito-4-ambientes--18930941
argenprop,19215284,Departamento,Av. La Plata 500 Departamento 2 Ambientes en Caballito VENTA,"Av. La Plata 500 Departamento Caballito, Caballito, Capital Federal",Caballito,118000.0,USD,,1.0,,57.0,,176000.0,52.0,2070.2,https://www.argenprop.com/departamento-en-venta-en-caballito-2-ambientes--19215284
argenprop,19568687,Departamento,"3 ambientes más dependencia, cochera y baulera!","Doblas 400, Caballito, Capital Federal",Caballito,235000.0,USD,,3.0,,86.0,,480000.0,40.0,2732.6,https://www.argenprop.com/departamento-en-venta-en-caballito-4-ambientes--19568687
argenprop,19175468,Departamento,Departamento en venta 2 ambientes  c/ balcon -  46 mts  - Belgrano,"Sucre al 1400, Belgrano C, Belgrano, Capital Federal",Belgrano,134000.0,USD,,1.0,,40.0,,130000.0,40.0,3350.0,https://www.argenprop.com/departamento-en-venta-en-belgrano-c-2-ambientes--19175468
argenprop,19941046,Departamento,DEPARTAMENTO 2 AMBIENTES 2 BAÑOS A ESTRENAR THAMES 378 6 B,"THAMES 300, Piso 6, Villa Crespo, Capital Federal",Villa Crespo,135000.0,USD,,1.0,,47.58,,,0.0,2837.3,https://www.argenprop.com/departamento-en-venta-en-villa-crespo-2-ambientes--19941046
argenprop,17954907,Departamento,3 AMB  con balcón al contrafrente,"Luis Maria Drago 278 , Piso 2, Villa Crespo, Capital Federal",Villa Crespo,120000.0,USD,,2.0,,52.0,,140000.0,40.0,2307.7,https://www.argenprop.com/departamento-en-venta-en-villa-crespo-3-ambientes--17954907
argenprop,16662292,Departamento,"1, 2 y 3 ambientes","GALLO 500, Piso 9, Almagro, Capital Federal",Almagro,138900.0,USD,,1.0,,52.0,,,0.0,2671.2,https://www.argenprop.com/departamento-en-venta-en-almagro-2-ambientes--16662292
argenprop,19827939,Departamento,3 ambientes muy luminoso! Apto profesional,"Congreso 2294 , Piso 4, Belgrano, Capital Federal",Belgrano,159000.0,USD,,2.0,,53.0,,210000.0,40.0,3000.0,https://www.argenprop.com/departamento-en-venta-en-belgrano-3-ambientes--19827939
argenprop,19905873,Departamento,Departamento dos ambientes con cochera/ pileta/ parrila y terraza en Belgrano,"La Pampa al 1200, Belgrano, Capital Federal",Belgrano,210000.0,USD,,1.0,2.0,,,457000.0,20.0,,https://www.argenprop.com/departamento-en-venta-en-belgrano-2-ambientes--19905873
argenprop,19710932,Departamento,"86m2 - Excelente 3 amb, A estrenar, detalles de categoría opcional cochera","Behring al 2500, Villa Urquiza, Capital Federal",Villa Urquiza,210000.0,USD,,2.0,,72.0,,,0.0,2916.7,https://www.argenprop.com/departamento-en-venta-en-villa-urquiza-3-ambientes--19710932
argenprop,16847795,Departamento,2 AMBIENTES A ESTRENAR - AMENITIES - VILLA URQUIZA,"Pacheco al 2900, Villa Urquiza, Capital Federal",Villa Urquiza,132000.0,USD,,1.0,,40.0,,229079.0,0.0,3300.0,https://www.argenprop.com/departamento-en-venta-en-villa-urquiza-2-ambientes--16847795
argenprop,19250749,Departamento,Luminoso departamento con cochera opcional y vista abierta hacia el contrafrente en Villa Urquiza.,"Av. Congreso 4771, Villa Urquiza, Capital Federal",Villa Urquiza,94000.0,USD,,1.0,,33.0,,93000.0,6.0,2848.5,https://www.argenprop.com/departamento-en-venta-en-villa-urquiza-1-ambiente--19250749
argenprop,19120172,Departamento,"Departamento en edificio Premium:  Green House, Amenities, microcine, dos piscinas, balcon aterrazado al contrafrente, vista arbolada. Aquí el Departamento:","Mariscal Antonio Sucre 4200, Piso 2, Urquiza R, Villa Urquiza, Capital Federal",Villa Urquiza,118000.0,USD,,,1.0,38.5,,260000.0,11.0,3064.9,https://www.argenprop.com/departamento-en-venta-en-urquiza-r-1-ambiente--19120172
argenprop,19306753,Departamento,"Villa Urquiza Piso Palier privado, Balcón Terraza Hab En Suite 3 Dormitorios con Balcón corrido","Blanco encalada  al 4700, Villa Urquiza, Capital Federal",Villa Urquiza,390000.0,USD,,3.0,,150.0,,230000.0,35.0,2600.0,https://www.argenprop.com/departamento-en-venta-en-villa-urquiza-5-ambientes--19306753
argenprop,19710915,Departamento,56m2 - Excelente 2 amb con gran balcon terraza - con terminaciones de categoría,"Behring al 2500, Villa Urquiza, Capital Federal",Villa Urquiza,150000.0,USD,,1.0,,40.0,,,0.0,3750.0,https://www.argenprop.com/departamento-en-venta-en-villa-urquiza-2-ambientes--19710915
argenprop,19111354,Departamento,"DEPARTAMENTO 2 AMBIENTES A ESTRENAR, CABALLITO","José Bonifacio 1600, Piso 6, Caballito, Capital Federal",Caballito,147500.0,USD,,1.0,,46.0,,,0.0,3206.5,https://www.argenprop.com/departamento-en-venta-en-caballito-2-ambientes--19111354
argenprop,19385676,Departamento,Doblas al 500 - Caballito - Monoambiente con balcón al frente piso alto - VENTA,"Doblas  al 500, Caballito Sur, Caballito, Capital Federal",Caballito,82000.0,USD,,,1.0,30.0,,88000.0,9.0,2733.3,https://www.argenprop.com/departamento-en-venta-en-caballito-sur-1-ambiente--19385676
argenprop,19233237,Departamento,"Semi piso 4 amb al frente, con dep. balcón y cochera s/P.Goyena","Pedro Goyena  al 1600, Caballito, Capital Federal",Caballito,300000.0,USD,,3.0,,105.0,,,30.0,2857.1,https://www.argenprop.com/departamento-en-venta-en-caballito-5-ambientes--19233237
argenprop,19836772,Departamento,"56,27 m2 GRAN MONOAMBIENTE DIVISIBLE - PUEYRREDON Y CHARCAS","PUEYRREDON  al 1200, Barrio Norte, Capital Federal",Barrio Norte,135000.0,USD,,1.0,,52.0,,200000.0,6.0,2596.2,https://www.argenprop.com/departamento-en-venta-en-barrio-norte-2-ambientes--19836772
argenprop,19806531,Departamento,Venta Departamento 1 ambiente en Caballito – APTO profesional – APTO crédito,"Angel Gallardo al 1084, Villa Crespo, Capital Federal",Villa Crespo,69000.0,USD,,,1.0,25.0,,100000.0,15.0,2760.0,https://www.argenprop.com/departamento-en-venta-en-villa-crespo-1-ambiente--19806531
argenprop,18246091,Departamento,"Villa Urquiza Piso Palier privado, Balcón Terraza Hab En Suite 3 Dormitorios con Balcón corrido","Blanco encalada  al 4700, Villa Urquiza, Capital Federal",Villa Urquiza,390000.0,USD,,3.0,,150.0,,230000.0,35.0,2600.0,https://www.argenprop.com/departamento-en-venta-en-villa-urquiza-5-ambientes--18246091
argenprop,19770759,Departamento,Dúplex 4 amb con terraza propia en Belgrano,"AV CABILDO 2600, Belgrano, Capital Federal",Belgrano,310000.0,USD,,3.0,,131.0,,900000.0,60.0,2366.4,https://www.argenprop.com/departamento-en-venta-en-belgrano-4-ambientes--19770759
argenprop,19734283,Departamento,"153m2, Semipiso de 4 ambientes con cochera y baulera  uminoso con Vista Panorámica , Belgrano R","Forest al 1500, Belgrano R, Belgrano, Capital Federal",Belgrano,440000.0,USD,,2.0,,142.0,,,30.0,3098.6,https://www.argenprop.com/departamento-en-venta-en-belgrano-r-4-ambientes--19734283
argenprop,19746262,Departamento,VENTA . DEPTO  5 Ambientes en Donna Fiore. Caballito. Hasta 40% financiado,"Avenida Pedro Goyena  al 1700, Caballito, Capital Federal",Caballito,760000.0,USD,,4.0,,181.0,,,0.0,4198.9,https://www.argenprop.com/departamento-en-venta-en-caballito-5-ambientes--19746262
argenprop,19742680,Departamento,"179,98 m2 venta depto 4 amb con dependencia estilo frances categoría Recoleta","Avenida Pueyrredón al 1200, Recoleta, Capital Federal",Recoleta,332000.0,USD,,3.0,,169.0,,342000.0,80.0,1964.5,https://www.argenprop.com/departamento-en-venta-en-recoleta-4-ambientes--19742680
argenprop,19760196,Departamento,Dos ambientes reciclado listo para entrar.,"VIDAL 3300, Piso 2, Nuñez, Capital Federal",Nuñez,120000.0,USD,,1.0,,42.0,,143000.0,43.0,2857.1,https://www.argenprop.com/departamento-en-venta-en-nunez-2-ambientes--19760196
argenprop,19741473,Departamento,Departamento en venta de 3 ambientes en Nuñez. Apto crédito.,"Av. Del Libertador 7700, Piso 4, Nuñez, Capital Federal",Nuñez,220000.0,USD,,2.0,,58.0,,300000.0,20.0,3793.1,https://www.argenprop.com/departamento-en-venta-en-nunez-3-ambientes--19741473
argenprop,16661425,Departamento,ESPACIO SCALABRINI,"Scalabrini Ortiz 300, Piso 8, Villa Crespo, Capital Federal",Villa Crespo,145000.0,USD,,1.0,2.0,50.0,,,,2900.0,https://www.argenprop.com/departamento-en-venta-en-villa-crespo-2-ambientes--16661425
argenprop,19921494,Departamento,4 amb con cochera en venta en Las Cañitas. Gran terraza.,"Av. Del Libertador 4900, Piso 3, Belgrano Barrancas, Belgrano, Capital Federal",Belgrano,398000.0,USD,,3.0,3.0,154.0,,700000.0,,2584.4,https://www.argenprop.com/departamento-en-venta-en-belgrano-barrancas-4-ambientes--19921494
argenprop,19907020,Departamento,EXCEPCIONAL DEPARTAMENTO DE 140 m² SOBRE AV. CORRIENTES – FRENTE -TODO LUZ.,"AV. CORRIENTES 3800, Almagro, Capital Federal",Almagro,350000.0,USD,,4.0,,138.0,,400000.0,50.0,2536.2,https://www.argenprop.com/departamento-en-venta-en-almagro-7-ambientes--19907020
argenprop,18919858,Departamento,Venta 2 Ambientes en Belgrano | A metros de Av. Libertador,"Sucre 1500, Piso 4, Belgrano, Capital Federal",Belgrano,86000.0,USD,,1.0,,39.0,,245000.0,50.0,2205.1,https://www.argenprop.com/departamento-en-venta-en-belgrano-2-ambientes--18919858
argenprop,19443542,Departamento,Departamento en Venta 3 Amb con dependencia en Recoleta,"Junin al 1000, Recoleta, Capital Federal",Recoleta,210000.0,USD,,2.0,,75.0,,351000.0,45.0,2800.0,https://www.argenprop.com/departamento-en-venta-en-recoleta-3-ambientes--19443542
argenprop,19903061,Departamento,"Dueño Directo - Piso de 4 Ambientes con Balcón, Palier Privado y Excelente Luz","Avenida Pueyrredón 2200, Piso 11, Recoleta, Capital Federal",Recoleta,295000.0,USD,,2.0,,89.0,,350000.0,46.0,3314.6,https://www.argenprop.com/departamento-en-venta-en-recoleta-4-ambientes--19903061
argenprop,17928481,Departamento,Oportunidad Única! Departamento en Planta Baja de 3 Ambientes con Amplio Patio,"Echeverria 4900, Piso PB, Villa Urquiza, Capital Federal",Villa Urquiza,250000.0,USD,,2.0,,73.0,,,0.0,3424.7,https://www.argenprop.com/departamento-en-venta-en-villa-urquiza-3-ambientes--17928481
argenprop,19397716,Departamento,Monoambiente Divisible a Estrenar – 34 m² Totales – Contrafrente – Apto Profesional,"Av. Olazabal al 5400, Villa Urquiza, Capital Federal",Villa Urquiza,85000.0,USD,,,1.0,34.0,,88000.0,0.0,2500.0,https://www.argenprop.com/departamento-en-venta-en-villa-urquiza-1-ambiente--19397716
argenprop,19827926,Departamento,Venta departamento 3 ambientes en Belgrano. Cerca subte.,"Congreso 2200 , Piso 4, Nuñez, Capital Federal",Nuñez,159000.0,USD,,2.0,,53.0,,215000.0,40.0,3000.0,https://www.argenprop.com/departamento-en-venta-en-nunez-3-ambientes--19827926
argenprop,19575375,Departamento,DEPARTAMENTO 2 AMBIENTES BELGRANO,"Conesa 2500, Belgrano, Capital Federal",Belgrano,69000.0,USD,,1.0,,25.0,,140000.0,35.0,2760.0,https://www.argenprop.com/departamento-en-venta-en-belgrano-2-ambientes--19575375
argenprop,19836194,Departamento,Smart Point Villa Urquiza,"LE BRETON, TOMAS 5000, Piso 6, Villa Urquiza, Capital Federal",Villa Urquiza,151100.0,USD,,1.0,,44.0,,,,3434.1,https://www.argenprop.com/departamento-en-venta-en-villa-urquiza-2-ambientes--19836194
argenprop,16661566,Departamento,Smart Point Villa Urquiza,"LE BRETON, TOMAS 5000, Piso 8, Villa Urquiza, Capital Federal",Villa Urquiza,161400.0,USD,,1.0,,50.0,,,1.0,3228.0,https://www.argenprop.com/departamento-en-venta-en-villa-urquiza-2-ambientes--16661566
argenprop,16367684,Departamento,VENTA PISO CUATRO AMBIENTES CON TERRAZA EXCLUSIVA- CABALLITO- INCLUYE DOS COCHERAS,"Puan 344, Caballito, Capital Federal",Caballito,475000.0,USD,,3.0,,127.0,,387000.0,0.0,3740.2,https://www.argenprop.com/departamento-en-venta-en-caballito-4-ambientes--16367684
argenprop,19800281,Departamento,Venta Depart piso 27 a 3/4 amb 126 m2 Bcón 2 coheras Nuñez,"Av Libertador 7400, Piso 27, Nuñez, Capital Federal",Nuñez,790000.0,USD,,2.0,,120.0,,900000.0,0.0,6583.3,https://www.argenprop.com/departamento-en-venta-en-nunez-3-ambientes--19800281
argenprop,19606151,Departamento,Departamento en Venta de 3 ambientes en BELGRANO,"Cabildo  al 2900, Nuñez, Capital Federal",Nuñez,195000.0,USD,,2.0,,67.0,,216829.0,45.0,2910.4,https://www.argenprop.com/departamento-en-venta-en-nunez-3-ambientes--19606151
argenprop,16661634,Departamento,"NÚÑEZ | E6 Parque de Innovación 1, 2 y 3 amb. Full","Libertador 6900, Piso 1, Nuñez, Capital Federal",Nuñez,219574.0,USD,,,1.0,39.0,,,1.0,5630.1,https://www.argenprop.com/departamento-en-venta-en-nunez-1-ambiente--16661634
argenprop,17405424,Departamento,Departamento 3 Amb 80m Cochera Amenities V. Urquiza Doho,"Juramento 4200, Villa Urquiza, Capital Federal",Villa Urquiza,280000.0,USD,,2.0,,75.0,,,6.0,3733.3,https://www.argenprop.com/departamento-en-venta-en-villa-urquiza-3-ambientes--17405424
argenprop,16479615,Departamento,ECHEVERRÍA 4957,"Echeverria 4900, Piso 3, Villa Urquiza, Capital Federal",Villa Urquiza,85000.0,USD,,,1.0,30.6,,,,2777.8,https://www.argenprop.com/departamento-en-venta-en-villa-urquiza-1-ambiente--16479615
argenprop,19940868,Departamento,"Semipiso de Estilo. Tres Ambientes con Balcón, en Almagro.","Panamá  al 900 3ro. Frente, Almagro, Capital Federal",Almagro,149900.0,USD,,2.0,,67.0,,390000.0,65.0,2237.3,https://www.argenprop.com/departamento-en-venta-en-almagro-3-ambientes--19940868
argenprop,19806821,Departamento,"OPORTUNIDAD ¡  3 ambientes de 103m2 a u$s 168.000  ¡   Al frente . Balcón , Baulera. A reciclar","Doctor Juan Felipe Aranguren 500, Piso 5, Caballito, Capital Federal",Caballito,168000.0,USD,,2.0,,93.0,,190000.0,60.0,1806.5,https://www.argenprop.com/departamento-en-venta-en-caballito-3-ambientes--19806821
argenprop,16661637,Departamento,CASTILLO 246,"CASTILLO 200, Piso 1, Villa Crespo, Capital Federal",Villa Crespo,215000.0,USD,,2.0,1.0,67.0,,,,3209.0,https://www.argenprop.com/departamento-en-venta-en-villa-crespo-3-ambientes--16661637
argenprop,19206117,Departamento,"Amplio dos ambientes al frente, amplio balcon  con baulera dentro del departamento.50m2 aprox","Cullen 5000, Piso 2, Villa Urquiza, Capital Federal",Villa Urquiza,115000.0,USD,,1.0,,46.6,,,40.0,2467.8,https://www.argenprop.com/departamento-en-venta-en-villa-urquiza-2-ambientes--19206117
argenprop,19347294,Departamento,Semipiso Exclusivo en Recoleta con vista al rio,"RIOBAMBA 1200, Piso 15, Recoleta, Capital Federal",Recoleta,1290000.0,USD,5.0,4.0,4.0,,,1200000.0,,,https://www.argenprop.com/departamento-en-venta-en-recoleta-5-ambientes--19347294
argenprop,19877885,Departamento,3 ambientes al frente con balcón corrido,"Valentín Gomez 3400, Piso 2, Almagro, Capital Federal",Almagro,89000.0,USD,,2.0,1.0,54.0,,,,1648.1,https://www.argenprop.com/departamento-en-venta-en-almagro-3-ambientes--19877885
argenprop,19670139,Departamento,Departamento de 2 amb se VENDE CON RENTA  amplio y luminoso en Almagro,"Humahuaca 4200, Almagro, Capital Federal",Almagro,85000.0,USD,,,,,,160000.0,,,https://www.argenprop.com/departamento-en-venta-en-almagro--19670139
argenprop,19435536,Departamento,Exclusivo Piso de 5 Ambientes + Dependencia en Pleno Belgrano - Con Cochera y Baulera,"11 de septiembre al 1100, Belgrano, Capital Federal",Belgrano,585000.0,USD,,3.0,,179.0,,1309000.0,45.0,3268.2,https://www.argenprop.com/departamento-en-venta-en-belgrano-5-ambientes--19435536
argenprop,19868123,Departamento,Dueño directo sin comisión · 3 amb · Almagro límite Palermo,"Bulnes 800, Piso 2, Almagro Norte, Almagro, Capital Federal",Almagro,95990.0,USD,,2.0,,50.0,,110000.0,60.0,1919.8,https://www.argenprop.com/departamento-en-venta-en-almagro-norte-3-ambientes--19868123
argenprop,19910861,Departamento,DEPARTAMENTO EN VENTA 2 AMBIENTES,"Ayacucho 1400, Recoleta, Capital Federal",Recoleta,98000.0,USD,,1.0,1.0,32.0,,106000.0,,3062.5,https://www.argenprop.com/departamento-en-venta-en-recoleta-2-ambientes--19910861
argenprop,17072594,Departamento,EXCELENTE DEPARTAMENTO DUEÑO DIRECTO SIN COMISION  ESCUCHO OFERTAS,"Gallo 1000, Barrio Norte, Capital Federal",Barrio Norte,80000.0,USD,,,1.0,35.0,,,,2285.7,https://www.argenprop.com/departamento-en-venta-en-barrio-norte-1-ambiente--17072594
argenprop,18641432,Departamento,ARCOS 2460,"ARCOS 2400, Piso 2, Belgrano, Capital Federal",Belgrano,106000.0,USD,,,1.0,35.35,,,,2998.6,https://www.argenprop.com/departamento-en-venta-en-belgrano-1-ambiente--18641432
argenprop,19070742,Departamento,Departamento 3 ambientes a estrenar en Caballito con amenities,"Av La Plata  al 600, Caballito, Capital Federal",Caballito,162000.0,USD,,2.0,,47.0,,300000.0,0.0,3446.8,https://www.argenprop.com/departamento-en-venta-en-caballito-3-ambientes--19070742
argenprop,19738417,Departamento,Departamento en Belgrano,"Juramento  al 1800, Belgrano Barrancas, Belgrano, Capital Federal",Belgrano,250000.0,USD,,3.0,,105.0,,,50.0,2381.0,https://www.argenprop.com/departamento-en-venta-en-belgrano-barrancas-4-ambientes--19738417
argenprop,19556770,Departamento,Departamento próximo a entrega!,"AV. SCALABRINI ORTIZ 300, Piso 8, Villa Crespo, Capital Federal",Villa Crespo,190000.0,USD,,1.0,,50.0,,,0.0,3800.0,https://www.argenprop.com/departamento-en-venta-en-villa-crespo-2-ambientes--19556770
argenprop,18469512,Departamento,"Departamento piso 7 con balcón a pulmón de manzana, Amplia cocina más lavadero, baulera, apto profesional. Seguridad durante el día.","Av. CÓRDOBA 1500, Piso 7, Barrio Norte, Capital Federal",Barrio Norte,120000.0,USD,,2.0,1.0,58.38,,209466.0,,2055.5,https://www.argenprop.com/departamento-en-venta-en-barrio-norte-3-ambientes--18469512
argenprop,19874021,Departamento,Venta Departamento 3 amb. Excelente zona Belgrano,"Cuba  al 2300, Belgrano, Capital Federal",Belgrano,180000.0,USD,,2.0,,59.0,,,50.0,3050.8,https://www.argenprop.com/departamento-en-venta-en-belgrano-3-ambientes--19874021
argenprop,19801458,Departamento,"Venta Semipiso 3 ambientes, Palermo Recoleta","Pagano Jose Leon al 2700, Recoleta, Capital Federal",Recoleta,439000.0,USD,,2.0,,131.0,,490000.0,80.0,3351.1,https://www.argenprop.com/departamento-en-venta-en-recoleta-3-ambientes--19801458
argenprop,19807879,Departamento,Semipiso en venta de categoría 3 ambientes Recoleta,"Paraná al 900, Recoleta, Capital Federal",Recoleta,250000.0,USD,,2.0,,94.0,,250000.0,60.0,2659.6,https://www.argenprop.com/departamento-en-venta-en-recoleta-3-ambientes--19807879
argenprop,19859004,Departamento,Departamento en venta (PARTICULAR) en Almagro,"Humahuaca 4600, Piso 3, Almagro, Capital Federal",Almagro,77000.0,USD,,1.0,,39.0,,96000.0,40.0,1974.4,https://www.argenprop.com/departamento-en-venta-en-almagro-2-ambientes--19859004
argenprop,19506758,Departamento,Departamento en venta en Caballito,"Rosario 800, Piso 5, Caballito, Capital Federal",Caballito,134900.0,USD,,2.0,,60.0,,212000.0,45.0,2248.3,https://www.argenprop.com/departamento-en-venta-en-caballito-3-ambientes--19506758
argenprop,18229654,Departamento,Departamento en venta en Caballito,"Hidalgo al 800, Caballito, Capital Federal",Caballito,168566.0,USD,,2.0,,59.0,,,0.0,2857.1,https://www.argenprop.com/departamento-en-venta-en-caballito-3-ambientes--18229654
argenprop,19600014,Departamento,VENTA de DEPARTAMENTO 1 AMBIENTE en CABALLITO,"Avenida Teniente General Donato Álvarez 217, Caballito Sur, Caballito, Capital Federal",Caballito,75000.0,USD,,1.0,,31.0,,150000.0,15.0,2419.4,https://www.argenprop.com/departamento-en-venta-en-caballito-sur-1-ambiente--19600014
argenprop,19909268,Departamento,VENTA DE DEPTO 2 AMB VILLA CRESPO,"Av. Corrientes 5800, Piso 6, Villa Crespo, Capital Federal",Villa Crespo,77000.0,USD,,1.0,1.0,41.0,,135000.0,,1878.0,https://www.argenprop.com/departamento-en-venta-en-villa-crespo-2-ambientes--19909268
argenprop,19719120,Departamento,Venta Departamento 3 ambientes Villa Crespo,"Villarroel al 1000, Villa Crespo, Capital Federal",Villa Crespo,199900.0,USD,,2.0,,61.0,,350000.0,1.0,3277.0,https://www.argenprop.com/departamento-en-venta-en-villa-crespo-3-ambientes--19719120
argenprop,19742581,Departamento,Venta de departamento 4 amb. con amenities en Recoleta.,"Av. Coronel Díaz  al 2000, Recoleta, Capital Federal",Recoleta,285000.0,USD,,3.0,,76.0,,600000.0,70.0,3750.0,https://www.argenprop.com/departamento-en-venta-en-recoleta-4-ambientes--19742581
argenprop,19798666,Departamento,MONOAMBIENTE EN VENTA BELGRANO,"Cabildo 2000, Belgrano, Capital Federal",Belgrano,65000.0,USD,,,1.0,26.0,,90000.0,20.0,2500.0,https://www.argenprop.com/departamento-en-venta-en-belgrano-1-ambiente--19798666
argenprop,19719764,Departamento,VENTA DEPARTAMENTO 2 COCHERAS. ALVEAR. PATIO,"Av Alvear 1583 , Piso 1, Recoleta, Capital Federal",Recoleta,780000.0,USD,,4.0,,243.0,,1245000.0,50.0,3209.9,https://www.argenprop.com/departamento-en-venta-en-recoleta-5-ambientes--19719764
argenprop,19350536,Departamento,Piso en venta de 4 ambientes mas dependencia en Palermo,"GUEMES 4000, Palermo, Capital Federal",Palermo,370000.0,USD,,3.0,,138.0,,346000.0,40.0,2681.2,https://www.argenprop.com/departamento-en-venta-en-palermo-4-ambientes--19350536
argenprop,16661672,Departamento,ARAOZ 1036,"ARAOZ 1000, Piso 2, Villa Crespo, Capital Federal",Villa Crespo,140000.0,USD,,1.0,,42.0,,,1.0,3333.3,https://www.argenprop.com/departamento-en-venta-en-villa-crespo-2-ambientes--16661672
argenprop,19821588,Departamento,Departamento Refaccionado Monoambiente en venta Recoleta,"Larrea 1000, Piso 1, Recoleta, Capital Federal",Recoleta,110000.0,USD,,,1.0,39.74,,290000.0,70.0,2768.0,https://www.argenprop.com/departamento-en-venta-en-recoleta-1-ambiente--19821588
argenprop,18149482,Departamento,Departamento en Nuñez 2 ambientes,"VUELTA DE OBLIGADO al 4800, Nuñez, Capital Federal",Nuñez,139189.0,USD,,1.0,,52.0,,,0.0,2676.7,https://www.argenprop.com/departamento-en-venta-en-nunez-2-ambientes--18149482
argenprop,19444165,Departamento,José Marmol 200 Departamento 3 Ambientes Cochera Balcón Baulera Moderno,"Belgrano al 4200, Almagro, Capital Federal",Almagro,170000.0,USD,,2.0,,61.0,,221000.0,18.0,2786.9,https://www.argenprop.com/departamento-en-venta-en-almagro-3-ambientes--19444165
argenprop,18687136,Departamento,VENTA DEPARTAMENTO A ESTRENAR  2 AMBIENTES con cochera ALMAGRO,"QUERANDIES 4400, Piso 9, Almagro, Capital Federal",Almagro,108000.0,USD,,1.0,,40.0,,,0.0,2700.0,https://www.argenprop.com/departamento-en-venta-en-almagro-2-ambientes--18687136
argenprop,18515085,Departamento,EXCELENTE 5 AMBIENTES CON DEPENDENCIA - 2 ESPACIOS GUARDACOCHES Y BAULERA,"José Hernández 2000, Belgrano, Capital Federal",Belgrano,650000.0,USD,,4.0,2.0,230.0,,850000.0,,2826.1,https://www.argenprop.com/departamento-en-venta-en-belgrano-5-ambientes--18515085
argenprop,19330188,Departamento,1 Ambiente a Estrenar al Frente con Balcón y Vista Abierta en Villa Urquiza,"Leguizamon 3700 esq Av. Congreso  al 4800, Villa Urquiza, Capital Federal",Villa Urquiza,90000.0,USD,,1.0,,37.0,,,0.0,2432.4,https://www.argenprop.com/departamento-en-venta-en-villa-urquiza-1-ambiente--19330188
argenprop,19886017,Departamento,LARREA 1429 entre French y Peña - Muy buen plano y muy luminoso,"Larrea 1400, Piso 5, Barrio Norte, Capital Federal",Barrio Norte,285000.0,USD,,3.0,,113.0,,368850.0,50.0,2522.1,https://www.argenprop.com/departamento-en-venta-en-barrio-norte-4-ambientes--19886017
argenprop,18103536,Departamento,2 amb muy bien ubicado ideal primera vivienda,"Senillosa 500, Piso 1, Caballito, Capital Federal",Caballito,85000.0,USD,,1.0,,41.0,,74300.0,70.0,2073.2,https://www.argenprop.com/departamento-en-venta-en-caballito-2-ambientes--18103536
argenprop,19471802,Departamento,Excelente 2 ambientes al frente,"Thompson 800, Caballito Sur, Caballito, Capital Federal",Caballito,128000.0,USD,,1.0,1.0,,,120000.0,15.0,,https://www.argenprop.com/departamento-en-venta-en-caballito-sur-2-ambientes--19471802
argenprop,19065822,Departamento,Venta Departamento 2 Ambientes Nuñez a estrenar,"Av. Cramer al 3300, Nuñez, Capital Federal",Nuñez,148000.0,USD,,1.0,,42.0,,176700.0,0.0,3523.8,https://www.argenprop.com/departamento-en-venta-en-nunez-2-ambientes--19065822
argenprop,18223436,Departamento,AMPLIO PISO DE TRES AMB. MAS DEPENDENCIA,"Sanchez De Bustamante 2200, Piso 1, Barrio Norte, Capital Federal",Barrio Norte,244900.0,USD,,3.0,,115.0,,400000.0,40.0,2129.6,https://www.argenprop.com/departamento-en-venta-en-barrio-norte-4-ambientes--18223436
argenprop,19639107,Departamento,"Amplio departamento de 3 ambientes con vista panoránica, todo luz,de epoca","Cullen 5000, Piso 13, Villa Urquiza, Capital Federal",Villa Urquiza,140000.0,USD,,2.0,,59.0,,280000.0,50.0,2372.9,https://www.argenprop.com/departamento-en-venta-en-villa-urquiza-3-ambientes--19639107
argenprop,18931716,Departamento,"49,40 m2 - 2 amb  en construcción  Parque Chas Financiación en Pesos – Entrega estimada 10/202767","AVALOS  al 1200, Villa Urquiza, Capital Federal",Villa Urquiza,110000.0,USD,,1.0,,44.0,,,1.0,2500.0,https://www.argenprop.com/departamento-en-venta-en-villa-urquiza-2-ambientes--18931716
argenprop,17813920,Departamento,SEMIPISO 3 AMB - FTE - 2 BAÑOS - BALCON CORRIDO,"Fernandez Blanco 2300, Villa Urquiza, Capital Federal",Villa Urquiza,169000.0,USD,,2.0,2.0,50.0,,,,3380.0,https://www.argenprop.com/departamento-en-venta-en-villa-urquiza-3-ambientes--17813920
argenprop,19431051,Departamento,Departamento Recoleta 5 Ambientes Sobre Libertador Vista Abierta Al Rio C/dependencia Y Cochera,"Avenida Del Libertador 1000, Piso 14, Recoleta, Capital Federal",Recoleta,330000.0,USD,,3.0,,128.16,,520000.0,45.0,2574.9,https://www.argenprop.com/departamento-en-venta-en-recoleta-5-ambientes--19431051
argenprop,19605602,Departamento,Venta Pent House Duplex con terraza y pileta propia/Cochera,"Franklin al 2200, Caballito Norte, Caballito, Capital Federal",Caballito,450000.0,USD,,3.0,3.0,,,348000.0,0.0,,https://www.argenprop.com/departamento-en-venta-en-caballito-norte-4-ambientes--19605602
argenprop,19785846,Departamento,"Departamento - Venta - Argentina, Capital Federal - HEREDIA 1454","HEREDIA 1400, Piso 1, Colegiales, Capital Federal",Colegiales,89800.0,USD,,1.0,,42.0,,125000.0,45.0,2138.1,https://www.argenprop.com/departamento-en-venta-en-colegiales-2-ambientes--19785846
argenprop,19932653,Departamento,Venta Unico 4 Ambientes con Dependencia y Cochera Fija y Cubierta,"Capitán General Ramón Freire 1100, Piso 1, Colegiales, Capital Federal",Colegiales,380000.0,USD,,3.0,,112.0,,576000.0,20.0,3392.9,https://www.argenprop.com/departamento-en-venta-en-colegiales-4-ambientes--19932653
argenprop,18448531,Departamento,"Venta Colegiales Departamento de 2 ambientes con terraza propia, cochera y baulera 105m2 totales","Zarraga  al 3800, Colegiales, Capital Federal",Colegiales,220000.0,USD,,1.0,,46.0,,160000.0,3.0,4782.6,https://www.argenprop.com/departamento-en-venta-en-colegiales-2-ambientes--18448531
argenprop,10409398,Departamento,OPORTUNIDAD  -  2 AMB  CON BALCON EN VILLA URQUIZA,"Nahuel Huapi 5800, Piso 4, Villa Urquiza, Capital Federal",Villa Urquiza,125000.0,USD,,1.0,,40.0,,217000.0,4.0,3125.0,https://www.argenprop.com/departamento-en-venta-en-villa-urquiza-2-ambientes--10409398
argenprop,17767788,Departamento,ULTIMA UNIDAD! Moderno 2 Ambientes a Estrenar en el corazón de Villa Urquiza,"Echeverria 4900, Villa Urquiza, Capital Federal",Villa Urquiza,155000.0,USD,,1.0,,44.0,,,0.0,3522.7,https://www.argenprop.com/departamento-en-venta-en-villa-urquiza-2-ambientes--17767788
argenprop,19028939,Departamento,Departamento en venta 2 amb. Terraza propia. Apto Crédito,"San Luis 3300, Piso 7, Almagro, Capital Federal",Almagro,88000.0,USD,,1.0,1.0,28.0,,110000.0,,3142.9,https://www.argenprop.com/departamento-en-venta-en-almagro-2-ambientes--19028939
argenprop,19391585,Departamento,Departamento 3 Ambientes a Estrenar – 73 m² Totales – Orientación Norte – Apto Profesional.,"Av. Olazabal al 5400, Villa Urquiza, Capital Federal",Villa Urquiza,188000.0,USD,,2.0,,73.0,,190000.0,0.0,2575.3,https://www.argenprop.com/departamento-en-venta-en-villa-urquiza-3-ambientes--19391585
argenprop,19471728,Departamento,Oportunidad por 15 días bajo de precio! Excelente departamento,"Junin 1200, Recoleta, Capital Federal",Recoleta,305000.0,USD,,3.0,,140.0,,300000.0,40.0,2178.6,https://www.argenprop.com/departamento-en-venta-en-recoleta-4-ambientes--19471728
argenprop,19111737,Departamento,"Edificio a estrenar | Unidades de 1, 2, 3 y 4 amb","RIO DE JANEIRO 500, Piso 3, Caballito, Capital Federal",Caballito,139200.0,USD,,1.0,,40.0,,,0.0,3480.0,https://www.argenprop.com/departamento-en-venta-en-caballito-2-ambientes--19111737
argenprop,19778091,Departamento,Departamento en venta en Recoleta,"Arenales 3000, Piso 8, Recoleta, Capital Federal",Recoleta,170000.0,USD,,2.0,,81.0,,233000.0,60.0,2098.8,https://www.argenprop.com/departamento-en-venta-en-recoleta-3-ambientes--19778091
argenprop,19338592,Departamento,Departamento en Villa Crespo,"Lerma 1, Villa Crespo, Capital Federal",Villa Crespo,155000.0,USD,,1.0,,51.0,,,0.0,3039.2,https://www.argenprop.com/departamento-en-venta-en-villa-crespo-2-ambientes--19338592
argenprop,19524229,Departamento,Monoambiente en piso alto con cochera en Nuñez,"Av cabildo 3900, Piso 10, Nuñez, Capital Federal",Nuñez,118000.0,USD,,,1.0,27.0,,250000.0,10.0,4370.4,https://www.argenprop.com/departamento-en-venta-en-nunez-1-ambiente--19524229
argenprop,15717203,Departamento,PISO C/DEP Y ESCRITORIO EN LA PAMPA AL 1900 - T/AL FTE 217 M2 TOT COCHERA BAULERA 3 BALCONES SUITE,"LA PAMPA al 1900 9°, Belgrano, Capital Federal",Belgrano,540000.0,USD,,4.0,,198.0,,630000.0,40.0,2727.3,https://www.argenprop.com/departamento-en-venta-en-belgrano-5-ambientes--15717203
argenprop,19202541,Departamento,Av. Gaona 1300 Caballito 2 ambientes con cochera pileta sum contrafrente,"Gaona al 1300, Caballito, Capital Federal",Caballito,122000.0,USD,,,1.0,43.0,,300000.0,20.0,2837.2,https://www.argenprop.com/departamento-en-venta-en-caballito-1-ambiente--19202541
argenprop,18930648,Departamento,Aguero al 100 Almagro 3 ambientes Cercanía a Av. Rivadavia,"Aguero 40, Almagro, Capital Federal",Almagro,109000.0,USD,,2.0,,53.0,,227000.0,26.0,2056.6,https://www.argenprop.com/departamento-en-venta-en-almagro-3-ambientes--18930648
argenprop,19922015,Departamento,Departamento en venta en Colegiales,"CONESA 900, Piso 15, Colegiales, Capital Federal",Colegiales,125000.0,USD,,1.0,1.0,,,200000.0,30.0,,https://www.argenprop.com/departamento-en-venta-en-colegiales-2-ambientes--19922015
argenprop,19533552,Departamento,Venta departamento 3 ambientes de pozo 2 B ctfre Nuñez,"Vidal 3100, Piso 2, Nuñez, Capital Federal",Nuñez,190000.0,USD,,2.0,,60.0,,,0.0,3166.7,https://www.argenprop.com/departamento-en-venta-en-nunez-3-ambientes--19533552
argenprop,18112991,Departamento,Venta 3 ambientes   Depen con balcón contrafrente   cochera Cubierta en Nuñez Apto crédito.,"Arcos en Nuñez, Nuñez, Capital Federal",Nuñez,238000.0,USD,,3.0,,89.0,,524000.0,45.0,2674.2,https://www.argenprop.com/departamento-en-venta-en-nunez-3-ambientes--18112991
argenprop,17207547,Departamento,"Luminoso monoambiente apto profesional en venta, cerca de todo, en Caballito.","Honorio Pueyrredón 1190, Caballito, Capital Federal",Caballito,95000.0,USD,,1.0,,32.0,,,0.0,2968.8,https://www.argenprop.com/departamento-en-venta-en-caballito-1-ambiente--17207547
argenprop,18500290,Departamento,"VENTA | DEPARTAMENTO 4 AMBIENTES CON DEPENDENCIA Y BAULERA – AV. SANTA FE al 2800 (6º piso, frente)","Av. Santa Fe  al 2800, Recoleta, Capital Federal",Recoleta,245000.0,USD,,2.0,,109.0,,221000.0,60.0,2247.7,https://www.argenprop.com/departamento-en-venta-en-recoleta-4-ambientes--18500290
argenprop,19443194,Departamento,Colpayo 600 monoambiente en Caballito baño completo,"Colpayo  al 600, Caballito, Capital Federal",Caballito,59000.0,USD,,,1.0,33.0,,78000.0,20.0,1787.9,https://www.argenprop.com/departamento-en-venta-en-caballito-1-ambiente--19443194
argenprop,18812116,Departamento,"Neuquen al 500 | Cabalito | Depto 4 amb.   dependenia, hermoso balcon aterrazado | Venta","Neuquen al 500, Caballito, Capital Federal",Caballito,230000.0,USD,,3.0,,119.0,,300000.0,0.0,1932.8,https://www.argenprop.com/departamento-en-venta-en-caballito-4-ambientes--18812116
argenprop,19348703,Departamento,Venta 3 Ambientes Frente balcón corrido Impecable super luminoso,"Av.De Los Incas  al 4600, Villa Urquiza, Capital Federal",Villa Urquiza,142000.0,USD,,2.0,,63.0,,240000.0,35.0,2254.0,https://www.argenprop.com/departamento-en-venta-en-villa-urquiza-3-ambientes--19348703
argenprop,18523183,Departamento,Venta departamento 2 ambientes Belgrano en pozo,"Conesa al 2800, Belgrano, Capital Federal",Belgrano,156000.0,USD,,1.0,,54.0,,,1.0,2888.9,https://www.argenprop.com/departamento-en-venta-en-belgrano-2-ambientes--18523183
argenprop,19134953,Departamento,"Departamento en venta en Barrio Norte, CABA","Av. Córdoba al 1600, Barrio Norte, Capital Federal",Barrio Norte,235000.0,USD,,2.0,,97.0,,270000.0,40.0,2422.7,https://www.argenprop.com/departamento-en-venta-en-barrio-norte-3-ambientes--19134953
argenprop,12129402,Departamento,Valle 151,"Valle 100, Piso 1, Caballito, Capital Federal",Caballito,268000.0,USD,,3.0,2.0,96.0,,,,2791.7,https://www.argenprop.com/departamento-en-venta-en-caballito-4-ambientes--12129402
argenprop,18815937,Departamento,"Semipiso de Categoria, Edificio con amenities de calidad, en la mejor zona de Caballito","Pedro Goyena  al 1600, Caballito, Capital Federal",Caballito,690000.0,USD,,3.0,,163.0,,,0.0,4233.1,https://www.argenprop.com/departamento-en-venta-en-caballito-4-ambientes--18815937
argenprop,17374759,Departamento,Departamento en venta de 2 ambientes con balcón y parrilla,"Bucarelli 2977 - Villa Urquiza, Villa Urquiza, Capital Federal",Villa Urquiza,135000.0,USD,,1.0,1.0,50.0,,,,2700.0,https://www.argenprop.com/departamento-en-venta-en-villa-urquiza-2-ambientes--17374759
argenprop,18543856,Departamento,VENTA 4 AMB CON PATIO Y PARRILLA SIN EXPENSAS,"Av. Corrientes 3300, Almagro, Capital Federal",Almagro,175000.0,USD,,3.0,,117.0,,,40.0,1495.7,https://www.argenprop.com/departamento-en-venta-en-almagro-4-ambientes--18543856
argenprop,18880386,Departamento,Departamento en  venta Caballito 4 amb con dependencia,"Hidalgo al 300, Caballito, Capital Federal",Caballito,220000.0,USD,,3.0,,98.0,,290000.0,55.0,2244.9,https://www.argenprop.com/departamento-en-venta-en-caballito-4-ambientes--18880386
argenprop,19739127,Departamento,"Departamento - Venta - Argentina, Capital Federal - O Higgins 1900","O Higgins 1900, Belgrano, Capital Federal",Belgrano,350000.0,USD,,3.0,,125.0,,600000.0,45.0,2800.0,https://www.argenprop.com/departamento-en-venta-en-belgrano-4-ambientes--19739127
argenprop,19249553,Departamento,"DEPARTAMENTO 3 AMBIENTES - BELGRANO C/CHICO/BARRANCAS, CAPITAL FEDERAL","JORGE NEWBERY 2400, Piso 4, Belgrano C, Belgrano, Capital Federal",Belgrano,124000.0,USD,,2.0,,59.0,,185000.0,60.0,2101.7,https://www.argenprop.com/departamento-en-venta-en-belgrano-c-3-ambientes--19249553
argenprop,18177180,Departamento,Venta Departamento 3 ambientes en Caballito,"Venezuela al 4300, Caballito, Capital Federal",Caballito,115000.0,USD,,,1.0,65.0,,180000.0,50.0,1769.2,https://www.argenprop.com/departamento-en-venta-en-caballito-1-ambiente--18177180
argenprop,18888061,Departamento,Doblas al 200 Caballito Departamento 3 ambientes con balcon VENTA,"Doblas al 200 3ambientes al frente reciclado todo a nuevo, Caballito, Capital Federal",Caballito,153000.0,USD,,2.0,,60.0,,300000.0,58.0,2550.0,https://www.argenprop.com/departamento-en-venta-en-caballito-3-ambientes--18888061
argenprop,19428866,Departamento,Soberbia vista al río. Penthouse tríplex con terraza propia y vista panorámica.,"Vedia 1700, Piso 18, Lomas de Nuñez, Nuñez, Capital Federal",Nuñez,795000.0,USD,,4.0,,277.0,,1934000.0,42.0,2870.0,https://www.argenprop.com/departamento-en-venta-en-lomas-de-nunez-8-ambientes--19428866
argenprop,19393780,Departamento,Departamento en Almagro,"INDEPENDENCIA al 3800, Almagro, Capital Federal",Almagro,164000.0,USD,,2.0,,88.0,,,50.0,1863.6,https://www.argenprop.com/departamento-en-venta-en-almagro-3-ambientes--19393780
argenprop,19535311,Departamento,Muy buen 3 ambientes,"Bulnes 100, Piso 1, Almagro, Capital Federal",Almagro,95000.0,USD,,2.0,1.0,72.0,,270000.0,,1319.4,https://www.argenprop.com/departamento-en-venta-en-almagro-3-ambientes--19535311
argenprop,19913352,Departamento,MENDOZA AL 2600 - BAÑO Y COCINA COMPLETOS,"MENDOZA al 2600 1°, Belgrano, Capital Federal",Belgrano,65000.0,USD,,1.0,,28.0,,200000.0,40.0,2321.4,https://www.argenprop.com/departamento-en-venta-en-belgrano-2-ambientes--19913352
argenprop,19715089,Departamento,Venta departamento 3 ambientes en Belgrano,"Ciudad De La Paz 2200, Belgrano Barrancas, Belgrano, Capital Federal",Belgrano,138000.0,USD,,2.0,,60.0,,228000.0,50.0,2300.0,https://www.argenprop.com/departamento-en-venta-en-belgrano-barrancas-3-ambientes--19715089
argenprop,17773886,Departamento,Venta 4 ambientes Recoleta Barrio Norte Cochera Luminoso,"Avenida Callao 1300, Recoleta, Capital Federal",Recoleta,480000.0,USD,,3.0,,190.0,,900000.0,50.0,2526.3,https://www.argenprop.com/departamento-en-venta-en-recoleta-4-ambientes--17773886
argenprop,18358775,Departamento,SEMIP C/DEP EN LAS HERAS AL 2600 - T/A NUEVO FRENTE BALCON COMEDOR DIARIO,"AV. LAS HERAS AL 2600 1°, Recoleta, Capital Federal",Recoleta,169500.0,USD,,2.0,,91.0,,236000.0,40.0,1862.6,https://www.argenprop.com/departamento-en-venta-en-recoleta-3-ambientes--18358775
argenprop,18512801,Departamento,SEMIPISO TRES AMBIENTES CON DEPEN-APTO PROFES.,"Gurruchaga 2400, Piso 1, Botanico, Palermo, Capital Federal",Palermo,225000.0,USD,,4.0,,80.0,,270000.0,60.0,2812.5,https://www.argenprop.com/departamento-en-venta-en-botanico-5-ambientes--18512801
argenprop,19819175,Departamento,CONESA AL 1800 - T/AL FTE 77 M2 TOTALES IMPECABLE GRAN TERRAZA Y BALCON VISTA ABIERTA TODO SOL,"CONESA al 1800 1°, Belgrano, Capital Federal",Belgrano,115000.0,USD,,1.0,,38.0,,192412.0,60.0,3026.3,https://www.argenprop.com/departamento-en-venta-en-belgrano-2-ambientes--19819175
argenprop,18079191,Departamento,"ANTICIPO Y CUOTAS A CONVENIR, DTO. RECICLADO POSESION YA","Yerbal 676 , Piso 5, Caballito, Capital Federal",Caballito,127000.0,USD,,2.0,,62.0,,125000.0,40.0,2048.4,https://www.argenprop.com/departamento-en-venta-en-caballito-3-ambientes--18079191
argenprop,13170335,Departamento,Excelente 2 amb. con balcón y cochera en el piso / Amenities  - Caballito,"Av. Jose M. Moreno 409 4°A ( Con Cochera En El Mismo Piso)  Esq. Av. Juan B. Alberdi, Caballito, Capital Federal",Caballito,183000.0,USD,,1.0,,47.0,,195000.0,0.0,3893.6,https://www.argenprop.com/departamento-en-venta-en-caballito-2-ambientes--13170335
argenprop,19801818,Departamento,Excelente Departamento 4 ambientes con cochera y amenities en Caballito,"Juan B Alberdi al 100, Caballito, Capital Federal",Caballito,320000.0,USD,,3.0,,96.0,,650000.0,12.0,3333.3,https://www.argenprop.com/departamento-en-venta-en-caballito-4-ambientes--19801818
argenprop,19697601,Departamento,VENTA COLEGIALES EXC MONOAMBIENTE DUEÑO DIRECTO,"ALVAREZ THOMAS 700, Piso 3, Colegiales, Capital Federal",Colegiales,85000.0,USD,,1.0,,31.0,,150000.0,14.0,2741.9,https://www.argenprop.com/departamento-en-venta-en-colegiales-1-ambiente--19697601
argenprop,18327768,Departamento,Departamento en Caballito,"Giordano Bruno al 815, Caballito, Capital Federal",Caballito,139900.0,USD,,3.0,,68.0,,134300.0,40.0,2057.4,https://www.argenprop.com/departamento-en-venta-en-caballito-4-ambientes--18327768
argenprop,16886313,Departamento,PISO C/DEP EN CUBA AL 2500 - COCH FTE Y CFTE 207 M2 BAULERA BALCON GRAN TZA T/SOL SUITE,"CUBA al 2500 1°, Belgrano, Capital Federal",Belgrano,345000.0,USD,,3.0,,141.0,,815000.0,40.0,2446.8,https://www.argenprop.com/departamento-en-venta-en-belgrano-4-ambientes--16886313
argenprop,19240290,Departamento,VENTA DEPARTAMENTO 3 AMBIENTES - EXCELENTE OPORTUNIDAD EN BAJO BELGRANO,"Blanco Encalada  al 1400, Belgrano Chico, Belgrano, Capital Federal",Belgrano,184000.0,USD,,2.0,,69.0,,267000.0,40.0,2666.7,https://www.argenprop.com/departamento-en-venta-en-belgrano-chico-3-ambientes--19240290
argenprop,19843260,Terreno,Excelente Terreno en Villa Urquiza- Lideres en Terrenos,"MARIANO ACHA  al 2100, Villa Urquiza, Capital Federal",Villa Urquiza,310000.0,USD,,,,175.0,175.0,,,1771.4,https://www.argenprop.com/terreno-en-venta-en-villa-urquiza--19843260
argenprop,19717141,Terreno,DOBLE FRENTE - Excelente Terreno en Villa Urquiza- Lideres en Terrenos,"CAPDEVILA  al 3500, Villa Urquiza, Capital Federal",Villa Urquiza,880000.0,USD,,,,889.0,889.0,,,989.9,https://www.argenprop.com/terreno-en-venta-en-villa-urquiza--19717141
argenprop,18544849,Departamento,EXCELENTE OPORTUNIDAD VENTA DEPARTAMENTO 3 AMBIENTES MAS DEPENDENCIA DE SERVICIO EN BAJO BELGRANO,"Sucre al 1400, Belgrano Chico, Belgrano, Capital Federal",Belgrano,160000.0,USD,,3.0,,81.0,,290500.0,50.0,1975.3,https://www.argenprop.com/departamento-en-venta-en-belgrano-chico-4-ambientes--18544849
argenprop,19240550,Departamento,"Departamento - Venta - Argentina, Capital Federal - Vera 1200","Vera 1200, Villa Crespo, Capital Federal",Villa Crespo,97000.0,USD,,,1.0,36.0,,140000.0,6.0,2694.4,https://www.argenprop.com/departamento-en-venta-en-villa-crespo-1-ambiente--19240550
argenprop,18692796,Departamento,"Luminoso departamento en piso alto con cochera en venta ubicado en Torre Essence, Belgrano.","Av. Crámer 2462, Belgrano, Capital Federal",Belgrano,430000.0,USD,,3.0,,108.0,,700000.0,10.0,3981.5,https://www.argenprop.com/departamento-en-venta-en-belgrano-4-ambientes--18692796
argenprop,19771699,Departamento,SEMIP EN REPUBLICA ARABE SIRIA Y JUNCAL - FRENTE ENTRADA INDEPENDIENTE TODO SOL DOBLE ENTRADA,"REPUBLICA ARABE SIRIA Y JUNCAL PB, Palermo, Capital Federal",Palermo,169000.0,USD,,1.0,,58.0,,147160.0,40.0,2913.8,https://www.argenprop.com/departamento-en-venta-en-palermo-2-ambientes--19771699
argenprop,18039748,Departamento,"Departamento 3 ambientes Apto profesional con dos Patios de 20 m2, en Caballito","Guayaquil al 500, Caballito, Capital Federal",Caballito,115000.0,USD,,2.0,,56.0,,187000.0,60.0,2053.6,https://www.argenprop.com/departamento-en-venta-en-caballito-3-ambientes--18039748
argenprop,12078589,Departamento,DEPARTAMENTO EN VENTA DE 4 AMBIENTES EN SUITE EN ALMAGRO DE GRAN CATEGORÍA AMENITIES OPORTUNIDAD,"AVENIDA CORRIENTES 3800, Almagro, Capital Federal",Almagro,459999.0,USD,,3.0,,125.0,,,0.0,3680.0,https://www.argenprop.com/departamento-en-venta-en-almagro-4-ambientes--12078589
argenprop,19671559,Departamento,Venta Departamento 3 ambientes Belgrano balcon y cochera,"Monroe  al 2000, Belgrano, Capital Federal",Belgrano,149500.0,USD,,2.0,,55.0,,341000.0,50.0,2718.2,https://www.argenprop.com/departamento-en-venta-en-belgrano-3-ambientes--19671559
argenprop,18898698,Departamento,"Departamento en venta en Barrio Norte, CABA","Rodriguez Peña  al 700, Barrio Norte, Capital Federal",Barrio Norte,123000.0,USD,,3.0,,89.0,,295000.0,50.0,1382.0,https://www.argenprop.com/departamento-en-venta-en-barrio-norte-4-ambientes--18898698
argenprop,19841993,Departamento,Venta semipiso 3 Ambientes con balcon terraza al Frente con Vista Abierta y Piscina Belgrano,"Av Congreso al 2600, Belgrano, Capital Federal",Belgrano,210000.0,USD,,2.0,,48.0,,170000.0,9.0,4375.0,https://www.argenprop.com/departamento-en-venta-en-belgrano-3-ambientes--19841993
argenprop,19785217,Departamento,Excelente semi piso de 3 amb con patio y cochera,"Cramer 2600, Piso 1º, Belgrano, Capital Federal",Belgrano,235000.0,USD,,2.0,,60.0,,,20.0,3916.7,https://www.argenprop.com/departamento-en-venta-en-belgrano-3-ambientes--19785217
argenprop,16661582,Departamento,LAPRIDA 1339,"LAPRIDA 1300, Piso 7, Barrio Norte, Capital Federal",Barrio Norte,241000.0,USD,,1.0,,60.0,,,1.0,4016.7,https://www.argenprop.com/departamento-en-venta-en-barrio-norte-2-ambientes--16661582
argenprop,17674844,Departamento,EXCELENTE DEPARTAMENTO DUEÑO DIRECTO SIN COMISION  ESCUCHO OFERTAS,"Gallo 1000, Barrio Norte, Capital Federal",Barrio Norte,80000.0,USD,,,1.0,35.0,,,,2285.7,https://www.argenprop.com/departamento-en-venta-en-barrio-norte-1-ambiente--17674844
argenprop,18551270,Departamento,Departamento en Venta - 4 ambientes - Balcón - Cochera - Caballito - Parque Rivadavia,"Doblas  al 100, Parque Rivadavia, Caballito, Capital Federal",Caballito,198000.0,USD,,3.0,,91.0,,419000.0,45.0,2175.8,https://www.argenprop.com/departamento-en-venta-en-parque-rivadavia-4-ambientes--18551270
argenprop,19391564,Departamento,"Departamento - Venta - Argentina, Capital Federal - Malabia 2400","Malabia 2400, Palermo, Capital Federal",Palermo,169000.0,USD,,2.0,,95.0,,320000.0,60.0,1778.9,https://www.argenprop.com/departamento-en-venta-en-palermo-3-ambientes--19391564
argenprop,19099177,Departamento,Semipiso de 3 ambientes con cochera fija y Balcón aterrazado en Caballito,"Juan B Alberdi al 300, Caballito, Capital Federal",Caballito,190000.0,USD,,2.0,,59.0,,175000.0,10.0,3220.3,https://www.argenprop.com/departamento-en-venta-en-caballito-3-ambientes--19099177
argenprop,19470311,Departamento,VENTA CABALLITO- SEMI PISO CUATRO AMBIENTES- COCHERA- BALCON - PATIO,"Av Juan Bautista Alberdi  al 1600, Caballito, Capital Federal",Caballito,289000.0,USD,,3.0,,79.0,,460000.0,20.0,3658.2,https://www.argenprop.com/departamento-en-venta-en-caballito-4-ambientes--19470311
argenprop,12802687,Departamento,Departamento en Venta -  3 ambientes en Torre - Cochera fija - Caballito,"Felipe Vallese al 500, Caballito, Capital Federal",Caballito,215000.0,USD,,2.0,,70.0,,410000.0,18.0,3071.4,https://www.argenprop.com/departamento-en-venta-en-caballito-3-ambientes--12802687
argenprop,19704942,Departamento,Monoambiente | Con balcón luminoso| Venta en Belgrano,"Arribeños 2500, Piso 4, Belgrano, Capital Federal",Belgrano,99000.0,USD,,,1.0,31.0,,150000.0,7.0,3193.5,https://www.argenprop.com/departamento-en-venta-en-belgrano-1-ambiente--19704942
argenprop,19704949,Departamento,"Olazabal 2424, 1 ambiente divisible con Amenities","Olazabal 2400, Piso 4, Belgrano, Capital Federal",Belgrano,125000.0,USD,,,1.0,40.0,,,0.0,3125.0,https://www.argenprop.com/departamento-en-venta-en-belgrano-1-ambiente--19704949
argenprop,19662542,Departamento,Venta Departamento 3 Ambientes en Flores - Caballito entrega Noviembre 2026,"Neuquen al 2000, Caballito, Capital Federal",Caballito,160000.0,USD,,2.0,1.0,62.0,,150000.0,,2580.6,https://www.argenprop.com/departamento-en-venta-en-caballito-3-ambientes--19662542
argenprop,19865233,Departamento,Muy buen 3 ambientes,"Doblas 200, Parque Rivadavia, Caballito, Capital Federal",Caballito,135000.0,USD,3.0,2.0,1.0,,,180000.0,,,https://www.argenprop.com/departamento-en-venta-en-parque-rivadavia-3-ambientes--19865233
argenprop,19759962,Departamento,Smart Point Villa Urquiza,"LE BRETON, TOMAS 5000, Piso 9, Villa Urquiza, Capital Federal",Villa Urquiza,208200.0,USD,,2.0,,76.0,,,,2739.5,https://www.argenprop.com/departamento-en-venta-en-villa-urquiza-3-ambientes--19759962
argenprop,7281906,Departamento,Monoambiente cerca de todas las universidades DUEÑO DIRECTO,"Gallo 1088 , Piso 5, Barrio Norte, Capital Federal",Barrio Norte,80000.0,USD,,,1.0,35.0,,,40.0,2285.7,https://www.argenprop.com/departamento-en-venta-en-barrio-norte-1-ambiente--7281906
argenprop,19768411,Departamento,"Venta de Departamento 3 Ambientes en Caballito Norte, Capital Federal","BOGOTA 300, Piso 8, Caballito Norte, Caballito, Capital Federal",Caballito,120000.0,USD,,2.0,,64.0,,140000.0,55.0,1875.0,https://www.argenprop.com/departamento-en-venta-en-caballito-norte-3-ambientes--19768411
argenprop,19612685,Departamento,"Departamento de 3 ambientes en venta en Recoleta con baulera, toilette y baño completo","Charcas  al 3200, Recoleta, Capital Federal",Recoleta,175000.0,USD,,2.0,,68.0,,160524.0,50.0,2573.5,https://www.argenprop.com/departamento-en-venta-en-recoleta-3-ambientes--19612685
argenprop,17269794,Departamento,DE REVISTA! Espectacular balcón terraza c/parrilla! AMOBLADO CON DISEÑO! Full amenities! 2 Cocheras! Vig24hs! ÚNICO! OPORT!,"Tronador 3400, Saavedra, Capital Federal",Saavedra,890000.0,USD,,3.0,,250.0,,1000000.0,15.0,3560.0,https://www.argenprop.com/departamento-en-venta-en-saavedra-4-ambientes--17269794
argenprop,19840440,Departamento,VENTA Departamento 2 ambientes balcón y patio - Saavedra,"MOLDES  al 3800, Saavedra, Capital Federal",Saavedra,133000.0,USD,,1.0,,40.0,,230000.0,20.0,3325.0,https://www.argenprop.com/departamento-en-venta-en-saavedra-2-ambientes--19840440
argenprop,19927723,Departamento,"Departamento en edificio Premium:  Green House, Amenities, microcine, dos piscinas, balcon aterrazado al contrafrente, vista arbolada. Aquí el Departamento:","DONADO 1800, Piso 2, Urquiza R, Villa Urquiza, Capital Federal",Villa Urquiza,118000.0,USD,,,1.0,38.5,,260000.0,11.0,3064.9,https://www.argenprop.com/departamento-en-venta-en-urquiza-r-1-ambiente--19927723
argenprop,19928099,Departamento,Excelente Semipiso de categoría con balcón - Caballito,"E. Mitre 280 1ºB (Valle - Hualfin), Caballito, Capital Federal",Caballito,175000.0,USD,,2.0,,66.0,,226000.0,7.0,2651.5,https://www.argenprop.com/departamento-en-venta-en-caballito-3-ambientes--19928099
argenprop,19873463,Departamento,"VENTA, DEPARTAMENTO 4 AMBIENTES C/BAICON AL FRENTE","Avenida Rivadavia 6100, Caballito, Capital Federal",Caballito,199000.0,USD,,3.0,,70.04,,244000.0,38.0,2841.2,https://www.argenprop.com/departamento-en-venta-en-caballito-4-ambientes--19873463
argenprop,19217585,Departamento,(NUEVO) SEMIP EN MIRO Y AV. DIRECTORIO - FTE Y CFTE COCHERA BAULERA TZA BALCON SUITE C/VESTIDOR,"MIRO Y AV. DIRECTORIO 2°, Caballito, Capital Federal",Caballito,360000.0,USD,,3.0,,133.0,,451168.0,13.0,2706.8,https://www.argenprop.com/departamento-en-venta-en-caballito-4-ambientes--19217585
argenprop,18420522,Departamento,VENTA 2 AMBIENTES CON BALCON Y COCHERA,"PUJOL 900, Piso 2, Caballito, Capital Federal",Caballito,119000.0,USD,,1.0,,62.0,,200000.0,2.0,1919.4,https://www.argenprop.com/departamento-en-venta-en-caballito-2-ambientes--18420522
argenprop,15511560,Departamento,CURAPALIGUE Y AV. JUAN B. ALBERDI - T/AL CFTE T/A NUEVO GRAN BCON TZA C/CERR TODO SOL T/EXTERNO,"CURAPALIGUE Y AV. JUAN B. ALBERDI 2°, Caballito, Capital Federal",Caballito,139000.0,USD,,2.0,,52.0,,120050.0,40.0,2673.1,https://www.argenprop.com/departamento-en-venta-en-caballito-3-ambientes--15511560
argenprop,19832929,Departamento,Piso de 3 ambientes- Refaccionado a nuevo- con baulera.,"Doctor Rómulo Naón 2400, Villa Urquiza, Capital Federal",Villa Urquiza,179000.0,USD,,2.0,,66.0,,230000.0,45.0,2712.1,https://www.argenprop.com/departamento-en-venta-en-villa-urquiza-3-ambientes--19832929
argenprop,19879457,Departamento,Venta Departamento 3 ambientes al frente con balcón corrido vista abierta en Colegiales,"Charlone al 600, Colegiales, Capital Federal",Colegiales,155000.0,USD,,2.0,,60.0,,320000.0,50.0,2583.3,https://www.argenprop.com/departamento-en-venta-en-colegiales-3-ambientes--19879457
argenprop,19593832,Departamento,Venta departamento Dos ambientes con Dos patios bajas expensas 48m2 colegiales,"Av. A. Thomas al 1500 y Estomba, Colegiales, Capital Federal",Colegiales,90000.0,USD,,1.0,,40.0,,160000.0,45.0,2250.0,https://www.argenprop.com/departamento-en-venta-en-colegiales-2-ambientes--19593832
argenprop,19776005,Departamento,Departamento venta 4 ambientes con escritorio patio balcon y cochera fija Colegiales,"Zapiola  al 700, Colegiales, Capital Federal",Colegiales,300000.0,USD,,3.0,,101.0,,280000.0,50.0,2970.3,https://www.argenprop.com/departamento-en-venta-en-colegiales-4-ambientes--19776005
argenprop,19195774,Departamento,Venta Departamento de 2 ambientes con cochera - Colegiales,"Gregoria Perez al 3400, Colegiales, Capital Federal",Colegiales,199000.0,USD,,1.0,,62.0,,300000.0,2.0,3209.7,https://www.argenprop.com/departamento-en-venta-en-colegiales-2-ambientes--19195774
argenprop,19690652,Departamento,Depto. 4 Ambientes a Estrenar con Parrilla Individual,"Moldes 920, Colegiales, Capital Federal",Colegiales,456699.0,USD,,3.0,,112.0,,,0.0,4077.7,https://www.argenprop.com/departamento-en-venta-en-colegiales-4-ambientes--19690652
argenprop,19690650,Departamento,Depto. 3 Amb a Estrenar con Amenities. Exclusiva Ubicación Frente Al Parque,"Moldes 920, Colegiales, Capital Federal",Colegiales,341512.0,USD,,2.0,,96.0,,,0.0,3557.4,https://www.argenprop.com/departamento-en-venta-en-colegiales-3-ambientes--19690650
argenprop,19690649,Departamento,Depto. 5 Ambientes a Estrenar con Parrilla Individual,"Moldes 780, Colegiales, Capital Federal",Colegiales,570000.0,USD,,4.0,,145.0,,,0.0,3931.0,https://www.argenprop.com/departamento-en-venta-en-colegiales-5-ambientes--19690649
argenprop,19690657,Departamento,Depto. 4 Ambientes a Estrenar con Parrilla Individual,"Moldes 780, Colegiales, Capital Federal",Colegiales,515000.0,USD,,3.0,,117.0,,,0.0,4401.7,https://www.argenprop.com/departamento-en-venta-en-colegiales-4-ambientes--19690657
argenprop,19697119,Departamento,Depto. 3 Amb a Estrenar con Amenities. Exclusiva Ubicación Frente Al Parque,"Moldes 920, Colegiales, Capital Federal",Colegiales,431062.0,USD,,2.0,,97.0,,,0.0,4443.9,https://www.argenprop.com/departamento-en-venta-en-colegiales-3-ambientes--19697119
argenprop,19697121,Departamento,Depto. 4 Ambientes a Estrenar con Parrilla Individual,"Moldes 780, Colegiales, Capital Federal",Colegiales,560000.0,USD,,3.0,,137.0,,,0.0,4087.6,https://www.argenprop.com/departamento-en-venta-en-colegiales-4-ambientes--19697121
argenprop,19541068,Departamento,Departamento 3 ambientes al frente en Caballito,"Rivadavia al 5600, Caballito, Capital Federal",Caballito,119000.0,USD,,2.0,,70.0,,130000.0,60.0,1700.0,https://www.argenprop.com/departamento-en-venta-en-caballito-3-ambientes--19541068
argenprop,19336817,Departamento,SEMIP AV. LAS HERAS AL 2900 - FRENTE 117 M2 2 COCHERAS BAULERA BALCON T/SOL SUITE D/ENTRADA,"AV. LAS HERAS al 2900 5°, Recoleta, Capital Federal",Recoleta,269000.0,USD,,3.0,,104.0,,721000.0,40.0,2586.5,https://www.argenprop.com/departamento-en-venta-en-recoleta-4-ambientes--19336817
argenprop,18945975,Departamento,TIPO CASA S/EXP EN BEAUCHEF AL 800 - TODO A NUEVO ESPECT LIVING Y COMEDOR VESTIDOR,"BEAUCHEF al 800 PB, Caballito, Capital Federal",Caballito,185000.0,USD,,2.0,,90.0,,,70.0,2055.6,https://www.argenprop.com/departamento-en-venta-en-caballito-3-ambientes--18945975
argenprop,19561713,Departamento,PISO C/DEP EN AYACUCHO Y AV. ALVEAR - FTE Y CFTE COCHERA BAULERA BALCON V/ABIERTA TODO SOL,"AYACUCHO Y AV. ALVEAR 9°, Recoleta, Capital Federal",Recoleta,530000.0,USD,,4.0,,174.0,,1354500.0,55.0,3046.0,https://www.argenprop.com/departamento-en-venta-en-recoleta-5-ambientes--19561713
argenprop,17663965,Departamento,4 AMBIENTES  A ESTRENAR,"Conde 4100, Piso 1, Saavedra, Capital Federal",Saavedra,175000.0,USD,,3.0,,64.7,,110000.0,0.0,2704.8,https://www.argenprop.com/departamento-en-venta-en-saavedra-4-ambientes--17663965
argenprop,19690636,Departamento,Depto. 2 Amb a Estrenar con Amenities. Exclusiva Ubicación Frente Al Parque,"Moldes 920, Colegiales, Capital Federal",Colegiales,223978.0,USD,,1.0,,56.0,,,0.0,3999.6,https://www.argenprop.com/departamento-en-venta-en-colegiales-2-ambientes--19690636
argenprop,18607236,Departamento,Departamento en Colegiales,"Cordoba  al 6057, Colegiales, Capital Federal",Colegiales,139900.0,USD,,3.0,,76.0,,250000.0,30.0,1840.8,https://www.argenprop.com/departamento-en-venta-en-colegiales-4-ambientes--18607236
argenprop,19203548,Departamento,DEPARTAMENTO TIPO DUPLEX 2 AMBIENTES Y MEDIO CON TERRAZA PROPIA,"Ramallo 4400, Piso 1, Saavedra, Capital Federal",Saavedra,125000.0,USD,,1.0,,58.0,,170000.0,15.0,2155.2,https://www.argenprop.com/departamento-en-venta-en-saavedra-2-ambientes--19203548
argenprop,19922991,Departamento,Extraordinaria PB APTO PROF c/fte 3 amb patio bño toil cocina c/pequeño offic lav impec estado,"Ciudad de la Paz 2100, Piso PB, Belgrano, Capital Federal",Belgrano,129000.0,USD,,2.0,,63.0,,280000.0,40.0,2047.6,https://www.argenprop.com/departamento-en-venta-en-belgrano-3-ambientes--19922991
argenprop,18956027,Departamento,4 AMBIENTES AL FRENTE CON BALCÓN 106 METROS,"Rio De Janeiro 204 , Piso 5, Caballito, Capital Federal",Caballito,178000.0,USD,,3.0,,92.0,,170000.0,40.0,1934.8,https://www.argenprop.com/departamento-en-venta-en-caballito-4-ambientes--18956027
argenprop,19402792,Departamento,Departamento tipo PH 2 ambientes en PB con jardín 63m2 totales Bajas expensas Saavedra,"Nuñez al 4600, Saavedra, Capital Federal",Saavedra,120000.0,USD,,1.0,,40.0,,100000.0,19.0,3000.0,https://www.argenprop.com/departamento-en-venta-en-saavedra-2-ambientes--19402792
argenprop,15753500,Departamento,DEPARTAMENTO 4 AMB SAAVEDRA Tipo Duplex a Estrenar,"Av Dr. Ricardo Balbin 4300, Saavedra, Capital Federal",Saavedra,250000.0,USD,,3.0,,103.0,,,0.0,2427.2,https://www.argenprop.com/departamento-en-venta-en-saavedra-4-ambientes--15753500
argenprop,19614793,Departamento,Monoambiente de 35.5 m2 A ESTRENAR en SAAVEDRA con COCHERA y BAULERA,"Deheza al 3100, Saavedra, Capital Federal",Saavedra,110000.0,USD,,1.0,,32.0,,180000.0,0.0,3437.5,https://www.argenprop.com/departamento-en-venta-en-saavedra-1-ambiente--19614793
argenprop,19871948,Departamento,Departamento de 3 ambientes al frente con balcón en venta en Saavedra,"Melian 3400, Saavedra, Capital Federal",Saavedra,157000.0,USD,,,,51.87,,258000.0,6.0,3026.8,https://www.argenprop.com/departamento-en-venta-en-saavedra--19871948
argenprop,19691742,Departamento,PH en Saavedra con Patio Interno y Excelente Ubicación,"Av Cramer al 3600, Saavedra, Capital Federal",Saavedra,129000.0,USD,,1.0,,43.0,,62300.0,45.0,3000.0,https://www.argenprop.com/departamento-en-venta-en-saavedra-2-ambientes--19691742
argenprop,19640501,Departamento,Emprendimiento en venta en Saavedra,"Avenida Cramer al 3600, Saavedra, Capital Federal",Saavedra,108000.0,USD,,,1.0,50.0,,,1.0,2160.0,https://www.argenprop.com/departamento-en-venta-en-saavedra-1-ambiente--19640501
argenprop,16661578,Departamento,Smart Point Villa Urquiza,"LE BRETON, TOMAS 5000, Piso 12, Villa Urquiza, Capital Federal",Villa Urquiza,155600.0,USD,,1.0,,39.0,,,1.0,3989.7,https://www.argenprop.com/departamento-en-venta-en-villa-urquiza-2-ambientes--16661578
argenprop,18711788,Departamento,SEMIP EN ARANGUREN AL 1200 - FRENTE IMPECABLE BALCON TODO SOL ESPECTACULAR LIVING,"ARANGUREN al 1200 2°, Caballito, Capital Federal",Caballito,109000.0,USD,,2.0,,58.0,,178000.0,40.0,1879.3,https://www.argenprop.com/departamento-en-venta-en-caballito-3-ambientes--18711788
argenprop,17207572,Departamento,"Luminoso monoambiente apto profesional en venta, cerca de todo, en Caballito.","Honorio Pueyrredón 1100, Caballito, Capital Federal",Caballito,99000.0,USD,,1.0,,36.0,,,0.0,2750.0,https://www.argenprop.com/departamento-en-venta-en-caballito-1-ambiente--17207572
argenprop,18358140,Departamento,Gran 3 ambientes de categoria con cocina integrada full amenities en Caballito SUr,"Nicasio Oroño 100, Caballito, Capital Federal",Caballito,237000.0,USD,,2.0,2.0,70.0,,,,3385.7,https://www.argenprop.com/departamento-en-venta-en-caballito-3-ambientes--18358140
argenprop,18415337,Departamento,PISO C/DEP EN AV. JUAN B. ALBERDI AL 1000 - 2 COCHERAS ESCRITORIO ESPECT SUITE 2 BALCONES,"AV. JUAN B. ALBERDI al 1000 6°, Caballito, Capital Federal",Caballito,579000.0,USD,,4.0,,238.0,,1198800.0,40.0,2432.8,https://www.argenprop.com/departamento-en-venta-en-caballito-5-ambientes--18415337
argenprop,19828698,Departamento,VILLARROEL Y AV. JUAN B. JUSTO - CFTE IMPECABLE BALCON V/ABIERTA TODO SOL APTO PROFESIONAL,"VILLARROEL Y AV. JUAN B. JUSTO 4°, Villa Crespo, Capital Federal",Villa Crespo,78000.0,USD,,,1.0,31.0,,200000.0,16.0,2516.1,https://www.argenprop.com/departamento-en-venta-en-villa-crespo-1-ambiente--19828698
argenprop,16786935,Departamento,YERBAL AL 1600 - T/AL FRENTE BAULERA T/A NUEVO BALCON T/SOL T/EXTERNO,"YERBAL al 1600 1°, Caballito, Capital Federal",Caballito,132000.0,USD,,2.0,,56.0,,142600.0,60.0,2357.1,https://www.argenprop.com/departamento-en-venta-en-caballito-3-ambientes--16786935
argenprop,19162245,Departamento,"Departamento en venta en Barrio Norte, CABA","Paraguay al 1200, Barrio Norte, Capital Federal",Barrio Norte,89000.0,USD,,1.0,,42.0,,154000.0,50.0,2119.0,https://www.argenprop.com/departamento-en-venta-en-barrio-norte-2-ambientes--19162245
argenprop,19550850,Departamento,Departamento 4 ambientes en venta en Caballito con cochera y balcon,"RIVADAVIA  al 6100, Caballito, Capital Federal",Caballito,160000.0,USD,,3.0,,70.0,,372000.0,50.0,2285.7,https://www.argenprop.com/departamento-en-venta-en-caballito-4-ambientes--19550850
argenprop,18111753,Departamento,DONATO ALVAREZ AL 300 - CONTRAFRENTE BALCON ESPECTACULAR VISTA ABIERTA DOBLE ENTRADA,"DONATO ALVAREZ al 300 5°, Caballito, Capital Federal",Caballito,134500.0,USD,,3.0,,75.0,,170000.0,55.0,1793.3,https://www.argenprop.com/departamento-en-venta-en-caballito-4-ambientes--18111753
argenprop,17181767,Departamento,SEMIP EN DONATO ALVAREZ AL 400 - IMPECABLE (20 AÑOS) COCHERA BALCON TODO SOL TODO EXTERNO,"DONATO ALVAREZ al 400 7°, Caballito, Capital Federal",Caballito,194900.0,USD,,3.0,,70.0,,266000.0,20.0,2784.3,https://www.argenprop.com/departamento-en-venta-en-caballito-4-ambientes--17181767
argenprop,8136165,Departamento,VENTA DEPARTAMENTO BELGRANO CON COCHERA.,"Mendoza al 1700, Belgrano, Capital Federal",Belgrano,140000.0,USD,,,1.0,30.0,,195000.0,8.0,4666.7,https://www.argenprop.com/departamento-en-venta-en-belgrano-1-ambiente--8136165
argenprop,19364523,PH,PH CABALLITO EN VENTA CON JARDIN,"YERBAL  al 1700, Caballito, Capital Federal",Caballito,198000.0,USD,,3.0,,139.0,,,45.0,1424.5,https://www.argenprop.com/ph-en-venta-en-caballito-4-ambientes--19364523
argenprop,18332615,Departamento,Departamento 3 amb en VENTA a Estrenar con COCHERA,"Pinto  al 3500, Saavedra, Capital Federal",Saavedra,289000.0,USD,,2.0,,87.0,,,0.0,3321.8,https://www.argenprop.com/departamento-en-venta-en-saavedra-3-ambientes--18332615
argenprop,19643660,Departamento,AV. RIVADAVIA AL 6100 - IMPECABLE TODO SOL BAÑO Y COCINA COMPLETOS,"AV. RIVADAVIA al 6100 2°, Caballito, Capital Federal",Caballito,72000.0,USD,,1.0,,32.0,,216000.0,40.0,2250.0,https://www.argenprop.com/departamento-en-venta-en-caballito-2-ambientes--19643660
argenprop,18877648,Departamento,Venta Departamento 2 Ambientes en Caballito con Cochera fija,"Diaz Velez al 4400, Caballito, Capital Federal",Caballito,155000.0,USD,,1.0,,35.0,,220000.0,2.0,4428.6,https://www.argenprop.com/departamento-en-venta-en-caballito-2-ambientes--18877648
argenprop,19798719,Departamento,ROSARIO 700 3 Ambientes a la calle reciclado a nuevo 70m2 Departamento Caballito VENTA,"ROSARIO al 700 3 ambientes a la calle Reciclado a nuevo, Caballito, Capital Federal",Caballito,147500.0,USD,,,1.0,,,180000.0,60.0,,https://www.argenprop.com/departamento-en-venta-en-caballito-1-ambiente--19798719
argenprop,19748828,Departamento,SEMIP EN TRES ARROYOS Y AV. DONATO ALVAREZ - ESPECT BALCON V/ABIERTA TODO SOL,"TRES ARROYOS Y DONATO ALVAREZ 7°, Caballito, Capital Federal",Caballito,83000.0,USD,,1.0,,42.0,,81000.0,40.0,1976.2,https://www.argenprop.com/departamento-en-venta-en-caballito-2-ambientes--19748828
argenprop,18188012,Departamento,VENTA DE DPTO 1 AMB NUÑEZ,"Avenida Cabildo 4200, Piso 12, Nuñez, Capital Federal",Nuñez,65000.0,USD,,1.0,,24.0,,119000.0,50.0,2708.3,https://www.argenprop.com/departamento-en-venta-en-nunez-1-ambiente--18188012
argenprop,19070180,Departamento,Monoambiente Funcional Dividido y con Balcón - Ideal Vivienda o Consultorio.,"Hipolito yrigoyen 3800, Piso 3, Almagro, Capital Federal",Almagro,75000.0,USD,,,1.0,32.0,,115000.0,10.0,2343.8,https://www.argenprop.com/departamento-en-venta-en-almagro-1-ambiente--19070180
argenprop,19633994,Departamento,Oportunidad a Refaccionar! Acogedor Dos Ambientes en el corazón de Almagro,"Yatay 700, Piso 6, Almagro, Capital Federal",Almagro,59300.0,USD,,1.0,,33.0,,70000.0,50.0,1797.0,https://www.argenprop.com/departamento-en-venta-en-almagro-2-ambientes--19633994
argenprop,19225635,Departamento,FRENTE APTO CREDITO,"ROOSEVELT, FRANKLIN 4300, Piso 5, Villa Urquiza, Capital Federal",Villa Urquiza,120000.0,USD,,2.0,,47.0,,,40.0,2553.2,https://www.argenprop.com/departamento-en-venta-en-villa-urquiza-3-ambientes--19225635
argenprop,15512463,Departamento,Venta. Departamento. 1 ambiente. Balcón. Frente. Almagro,"Francisco Acuña de Figueroa  776 2º B, Almagro, Capital Federal",Almagro,78750.0,USD,,,1.0,29.0,,,0.0,2715.5,https://www.argenprop.com/departamento-en-venta-en-almagro-1-ambiente--15512463
argenprop,17961411,Departamento,Departamento Piso completo en Belgrano,"Arribeños al 1700, Belgrano Barrancas, Belgrano, Capital Federal",Belgrano,799000.0,USD,,4.0,,175.0,,1000000.0,50.0,4565.7,https://www.argenprop.com/departamento-en-venta-en-belgrano-barrancas-5-ambientes--17961411
argenprop,17972847,Departamento,"Venta de Departamento 3 AMBIENTES en Villa Urquiza, Capital Federal","Olazábal 5200, Piso 4, Villa Urquiza, Capital Federal",Villa Urquiza,135000.0,USD,,2.0,,54.0,,103000.0,30.0,2500.0,https://www.argenprop.com/departamento-en-venta-en-villa-urquiza-3-ambientes--17972847
argenprop,19228813,Departamento,Dúplex con terraza y vistas abiertas – Mucha luz – A 1 cuadra de Cabildo,"Ciudad De La Paz 3700, Nuñez, Capital Federal",Nuñez,220000.0,USD,,1.0,,73.0,,239000.0,13.0,3013.7,https://www.argenprop.com/departamento-en-venta-en-nunez-2-ambientes--19228813
argenprop,19381982,Departamento,Excelente dpto. de 4 amb. Al frente sobre Pedro Goyena,"Av. Pedro Goyena 1600, Piso 9, Caballito, Capital Federal",Caballito,325000.0,USD,,3.0,3.0,90.0,,500000.0,,3611.1,https://www.argenprop.com/departamento-en-venta-en-caballito-4-ambientes--19381982
argenprop,19606274,Departamento,Venta departamento 2 ambientes Almagro,"SARMIENTO, AV. 3800, Almagro, Capital Federal",Almagro,78000.0,USD,,1.0,,47.0,,172000.0,62.0,1659.6,https://www.argenprop.com/departamento-en-venta-en-almagro-2-ambientes--19606274
argenprop,19774749,Departamento,Venta depto 2 amb Belgrano Pileta  Apto Credito,"Monroe 2600, Belgrano, Capital Federal",Belgrano,153000.0,USD,,1.0,,49.84,,265000.0,18.0,3069.8,https://www.argenprop.com/departamento-en-venta-en-belgrano-2-ambientes--19774749
argenprop,19489567,Departamento,DEPARTAMENTO EN VENTA DE 4 AMBIENTES CON COCHERA Y DEPENDENCIA EN CABALLITO DE CATEGORIA,"Avenida Diaz Velez  al 5500, Caballito, Capital Federal",Caballito,359999.0,USD,,3.0,,122.0,,400000.0,25.0,2950.8,https://www.argenprop.com/departamento-en-venta-en-caballito-4-ambientes--19489567
argenprop,19174168,Departamento,Venta Departamento dos ambientes Apto Profesional,"Juan B Alberdi al 1300, Caballito, Capital Federal",Caballito,79500.0,USD,,1.0,,44.0,,110000.0,64.0,1806.8,https://www.argenprop.com/departamento-en-venta-en-caballito-2-ambientes--19174168
argenprop,18256170,Casa,Casa Tipo Dúplex de 6 Ambientes con Jardín y Terraza en Villa Urquiza,"Ceretti 2600, Villa Urquiza, Capital Federal",Villa Urquiza,500000.0,USD,,4.0,,240.0,,,30.0,2083.3,https://www.argenprop.com/casa-en-venta-en-villa-urquiza-6-ambientes--18256170
argenprop,18770767,Casa,"Casa  en Venta en Villa Urquiza, Capital Federal, Buenos Aires","Quesada 5200, Villa Urquiza, Capital Federal",Villa Urquiza,840000.0,USD,,6.0,,411.0,,,30.0,2043.8,https://www.argenprop.com/casa-en-venta-en-villa-urquiza-7-ambientes--18770767
argenprop,19940695,Departamento,Venta Dpto Primera Junta 2 amb c balcón terraza,"Rosario 700, Caballito, Capital Federal",Caballito,83900.0,USD,,1.0,,37.0,,328900.0,56.0,2267.6,https://www.argenprop.com/departamento-en-venta-en-caballito-2-ambientes--19940695
argenprop,19306345,Casa,Casa en Villa Urquiza,"TOMAS LE BRETON  al 4400, Villa Urquiza, Capital Federal",Villa Urquiza,350000.0,USD,,3.0,2.0,,,,1.0,,https://www.argenprop.com/casa-en-venta-en-villa-urquiza-4-ambientes--19306345
argenprop,19279966,PH,VENTA • CABALLITO• PH • TRES AMBIENTES •  TERRAZA • COCHERA DE MOTO • APTO A CREDITO,"Calasanz  al 500, Caballito, Capital Federal",Caballito,220000.0,USD,,2.0,,130.0,,,30.0,1692.3,https://www.argenprop.com/ph-en-venta-en-caballito-3-ambientes--19279966
argenprop,19848641,Departamento,Departamento al frente esquina panoramica,"Araoz  al 300, Villa Crespo, Capital Federal",Villa Crespo,134000.0,USD,,2.0,,60.0,,140000.0,50.0,2233.3,https://www.argenprop.com/departamento-en-venta-en-villa-crespo-3-ambientes--19848641
argenprop,18469258,Departamento,A ESTRENAR SEMIP EN JULIAN ALVAREZ AL 700 - TODO AL FRENTE BALCON TODO SOL AMPLIO LIVING,"JULIAN ALVAREZ al 700 2°, Villa Crespo, Capital Federal",Villa Crespo,172000.0,USD,,2.0,,65.0,,,0.0,2646.2,https://www.argenprop.com/departamento-en-venta-en-villa-crespo-3-ambientes--18469258
argenprop,12453016,Departamento,Venta departamento 1 amb. Baño.Toilette. Gran terraza.Frente-A estrenar-Apto profesional-Belgrano,"Monroe 1759 8º  801, Belgrano, Capital Federal",Belgrano,140000.0,USD,,,1.0,37.0,,70000.0,0.0,3783.8,https://www.argenprop.com/departamento-en-venta-en-belgrano-1-ambiente--12453016
argenprop,19132647,Departamento,Venta Departamento2 ambientes XL con balcón corrido en Prima Caballito –,"Franklin al 2100, Caballito Norte, Caballito, Capital Federal",Caballito,159900.0,USD,,1.0,,59.0,,,2.0,2710.2,https://www.argenprop.com/departamento-en-venta-en-caballito-norte-2-ambientes--19132647
argenprop,19457071,Departamento,ARANGUREN AL 1800 - 7 AÑOS FRENTE ESCRIT COCHERA BAULERA PATIO TZA BALCON,"ARANGUREN al 1800 1°, Caballito, Capital Federal",Caballito,200000.0,USD,,2.0,,69.0,,347000.0,7.0,2898.6,https://www.argenprop.com/departamento-en-venta-en-caballito-3-ambientes--19457071
argenprop,19615768,Casa,CASA - JARDIN - QUINCHO - PARRILLA - COCHERA - VENTA 3 DORMITORIOS en Villa Urquiza,"Ballivian  al 3300, Villa Urquiza, Capital Federal",Villa Urquiza,450000.0,USD,,3.0,,155.0,,,0.0,2903.2,https://www.argenprop.com/casa-en-venta-en-villa-urquiza-5-ambientes--19615768
argenprop,12119412,Departamento,2 Ambientes -  Muy buen estado  - lavadero independiente   - cocina separada - Living comedor y 1 dormitorio,"Avenida Díaz Vélez 3900, Piso 7, Almagro, Capital Federal",Almagro,75000.0,USD,,1.0,,39.0,,144000.0,47.0,1923.1,https://www.argenprop.com/departamento-en-venta-en-almagro-2-ambientes--12119412
argenprop,19704753,Departamento,VENTA DEPARTAMENTO 2 AMBIENTES CON BAJAS EXPENSAS,"Mendoza 5244 , Piso 6, Villa Urquiza, Capital Federal",Villa Urquiza,105000.0,USD,,1.0,,42.0,,105000.0,50.0,2500.0,https://www.argenprop.com/departamento-en-venta-en-villa-urquiza-2-ambientes--19704753
argenprop,19704772,Departamento,VENTA DOS AMBIENTES CON BALCON VILLA URQUIZA,"Echeverria 5039 , Piso 4, Villa Urquiza, Capital Federal",Villa Urquiza,117000.0,USD,,1.0,,40.0,,200000.0,18.0,2925.0,https://www.argenprop.com/departamento-en-venta-en-villa-urquiza-2-ambientes--19704772
argenprop,19766741,Departamento,VENTA DEPARTAMENTO 2 AMBIENTES CON BALCÓN EN VILLA URQUIZA,"Mendoza 5881 , Piso 2, Villa Urquiza, Capital Federal",Villa Urquiza,114000.0,USD,,1.0,,41.0,,180000.0,12.0,2780.5,https://www.argenprop.com/departamento-en-venta-en-villa-urquiza-2-ambientes--19766741
argenprop,19859201,Departamento,C/DEP EN GASCON Y AV. CORRIENTES - FRENTE IMPECABLE APTO PROF BALCON TODO SOL D/ENTRADA D/CIRCUL,"GASCON Y AV. CORRIENTES 1°, Almagro, Capital Federal",Almagro,169000.0,USD,,3.0,,93.0,,423300.0,55.0,1817.2,https://www.argenprop.com/departamento-en-venta-en-almagro-4-ambientes--19859201
argenprop,19810113,Departamento,Venta Departamento 3 ambientes Almagro con jardín,"Sarmiento al 4400, Almagro, Capital Federal",Almagro,198000.0,USD,,2.0,,52.0,,250000.0,50.0,3807.7,https://www.argenprop.com/departamento-en-venta-en-almagro-3-ambientes--19810113
argenprop,16661748,Departamento,BAH se convierte en un ícono en el barrio ! A estr,"AV CORRIENTES 3400, Piso 1, Almagro, Capital Federal",Almagro,190000.0,USD,,2.0,,70.0,,,1.0,2714.3,https://www.argenprop.com/departamento-en-venta-en-almagro-3-ambientes--16661748
argenprop,19149198,Departamento,BAJAS EXPENSAS - FRENTE  -  LUMINOSO - VENTA 1 DORMITORIO -  VILLA URQUIZA - IDEAL TEMPORARIO,"TRIUNVIRATO al 3800, Villa Urquiza, Capital Federal",Villa Urquiza,79500.0,USD,,1.0,,32.0,,125000.0,40.0,2484.4,https://www.argenprop.com/departamento-en-venta-en-villa-urquiza-2-ambientes--19149198
argenprop,19070746,Departamento,2 amb. a la calle con balcón terraza.,"Moldes 2100, Belgrano, Capital Federal",Belgrano,120000.0,USD,,1.0,,37.0,,188500.0,35.0,3243.2,https://www.argenprop.com/departamento-en-venta-en-belgrano-2-ambientes--19070746
argenprop,19673107,Departamento,Departamento en Caballito Sur,"Av. Pedro Goyena al 1200, Caballito, Capital Federal",Caballito,118000.0,USD,,2.0,,47.0,,48000.0,0.0,2510.6,https://www.argenprop.com/departamento-en-venta-en-caballito-3-ambientes--19673107
argenprop,19581808,Departamento,2 Ambientes 9° piso con balcón al frente I M/Luminoso I,"Blanco Encalada 3100, Belgrano R, Belgrano, Capital Federal",Belgrano,145000.0,USD,,1.0,,46.0,,180536.0,45.0,3152.2,https://www.argenprop.com/departamento-en-venta-en-belgrano-r-2-ambientes--19581808
argenprop,19802190,Departamento,Venta departamento 2 ambientes Almagro a estrenar full amenities,"Av Corrientes 3401, Almagro, Capital Federal",Almagro,124900.0,USD,,1.0,,47.0,,260000.0,0.0,2657.4,https://www.argenprop.com/departamento-en-venta-en-almagro-2-ambientes--19802190
argenprop,18357491,Departamento,SEMIP C/DEP EN BACACAY AL 2500 - 89 M2 IMPEC D/ENTRADA AMPLIO LIVING ESPECT COCINA COMEDOR,"BACACAY al 2500 1°, Caballito, Capital Federal",Caballito,118000.0,USD,,2.0,,89.0,,206770.0,40.0,1325.8,https://www.argenprop.com/departamento-en-venta-en-caballito-3-ambientes--18357491
argenprop,19670549,Departamento,AZCUENAGA AL 1900 - FRENTE BALCON TODO SOL BAÑO Y COCINA COMPLETOS,"AZCUENAGA al 1900 2°, Recoleta, Capital Federal",Recoleta,120000.0,USD,,1.0,,40.0,,162060.0,55.0,3000.0,https://www.argenprop.com/departamento-en-venta-en-recoleta-2-ambientes--19670549
argenprop,19739018,Departamento,"Departamento - Venta - Argentina, Capital Federal - Av. Callao 700","Av. Callao 700, Recoleta, Capital Federal",Recoleta,237000.0,USD,,3.0,,98.0,,479000.0,50.0,2418.4,https://www.argenprop.com/departamento-en-venta-en-recoleta-4-ambientes--19739018
argenprop,19799436,Departamento,Departamento en venta en Nuñez,"Av Gral. Paz y Av Cabildo, Nuñez, Capital Federal",Nuñez,109900.0,USD,,,,,,210000.0,,,https://www.argenprop.com/departamento-en-venta-en-nunez--19799436
argenprop,8415514,Departamento,"IDEAL CRÉDITO HIPOTECARIO BANCARIO! ZONA FACULTADES. Monoambiente divisible de 44 m² a estrenar con Cochera. VIVÍ, TRABAJÁ, ESTUDIÁ y RENTÁ en la zona + conectada de la Ciudad.","Dr L Pasteur 700, Recoleta, Capital Federal",Recoleta,108000.0,USD,,,1.0,40.0,,99000.0,0.0,2700.0,https://www.argenprop.com/departamento-en-venta-en-recoleta-1-ambiente--8415514
argenprop,19712431,Departamento,"Departamento - Venta - Argentina, Capital Federal - Juncal 2300","Juncal 2300, Recoleta, Capital Federal",Recoleta,73000.0,USD,,,1.0,31.0,,120000.0,50.0,2354.8,https://www.argenprop.com/departamento-en-venta-en-recoleta-1-ambiente--19712431
argenprop,19719688,Departamento,DEPARTAMENTO 4 AMBIENTES COCHERA DEPENDENCIA,"Olazabal 4300, Piso 8, Urquiza R, Villa Urquiza, Capital Federal",Villa Urquiza,280000.0,USD,,3.0,,130.0,,430000.0,24.0,2153.8,https://www.argenprop.com/departamento-en-venta-en-urquiza-r-4-ambientes--19719688
